id,name,ascii_name,alternate_name,feature_class,feature_code,country_code,population,elevation,timezone,geo_point
3182754,Ascea,Ascea,Ascea,P,PPLA3,IT,1199,235,Europe/Rome,"40.14082,15.18583"
3182804,Arquata del Tronto,Arquata del Tronto,"Arquata del Tronto,アルクアータ・デル・トロント",P,PPLA3,IT,97,777,Europe/Rome,"42.7717,13.29389"
3182879,Argelato,Argelato,Argelato,P,PPLA3,IT,2626,25,Europe/Rome,"44.64009,11.34359"
3182916,Arcevia,Arcevia,"Arcevia,aruchevuia,アルチェーヴィア",P,PPLA3,IT,1406,535,Europe/Rome,"43.50177,12.945"
3182990,Apice Vecchio,Apice Vecchio,Apice,P,PPLA3,IT,37,,Europe/Rome,"41.12012,14.93104"
3183082,Andalo,Andalo,"Andalo,andaro,アンダロ",P,PPLA3,IT,1005,1042,Europe/Rome,"46.16649,11.00432"
3183127,Amaro,Amaro,"Amaro,Damar",P,PPLA3,IT,836,296,Europe/Rome,"46.37367,13.09368"
3183169,Altavilla Vicentina,Altavilla Vicentina,"Altavilla Vicentina,アルタヴィッラ・ヴィチェンティーナ",P,PPLA3,IT,10128,45,Europe/Rome,"45.51329,11.46877"
3183311,Albizzate,Albizzate,Albizzate,P,PPLA3,IT,5251,334,Europe/Rome,"45.72698,8.80312"
3183329,Alberona,Alberona,Alberona,P,PPLA3,IT,871,732,Europe/Rome,"41.43225,15.12304"
3183385,Ailano,Ailano,"Ailano,Allana",P,PPLA3,IT,763,260,Europe/Rome,"41.39001,14.20536"
3215081,Gatteo-Sant'Angelo,Gatteo-Sant'Angelo,"Gati,Gatteo,Gatì",P,PPLA3,IT,5603,,Europe/Rome,"44.11194,12.39139"
3215752,Serravalle,Serravalle,,P,PPL,IT,1738,1,Europe/Rome,"44.96532,12.04664"
3218433,Maserada sul Piave,Maserada sul Piave,Maserada sul Piave,P,PPLA3,IT,4181,31,Europe/Rome,"45.75195,12.31773"
3219076,Lughignano,Lughignano,,P,PPL,IT,1180,8,Europe/Rome,"45.62533,12.32478"
3219325,Sant'Anna,Sant'Anna,,P,PPL,IT,3062,2,Europe/Rome,"45.1661,12.27355"
3219541,Castion,Castion,,P,PPL,IT,2357,443,Europe/Rome,"46.12147,12.23507"
6534276,Sant'Agata Li Battiati,Sant'Agata Li Battiati,,P,PPLA3,IT,9828,,Europe/Rome,"37.55745,15.07999"
6534279,Piedimonte Matese,Piedimonte Matese,,P,PPLA3,IT,11220,170,Europe/Rome,"41.35082,14.36803"
6534282,Carrara San Giorgio,Carrara San Giorgio,,P,PPLA3,IT,8101,,Europe/Rome,"45.29259,11.81841"
6534289,Magliano Alfieri,Magliano Alfieri,,P,PPLA3,IT,509,328,Europe/Rome,"44.76924,8.07014"
6534347,Cella Monte,Cella Monte,,P,PPLA3,IT,358,268,Europe/Rome,"45.07405,8.39154"
6534364,Monticello d'Alba,Monticello d'Alba,,P,PPLA3,IT,1911,,Europe/Rome,"44.71894,7.94263"
6534400,Mesenzana,Mesenzana,,P,PPLA3,IT,1441,305,Europe/Rome,"45.95158,8.76453"
6534422,Chamois,Chamois,"Camosium,Chamoues,Chamouès,Samua,Shamoa,Shamua,ka mo yi si,shamowa,shamwyys,Шамоа,Шамуа,Շամուա,شاموئیس,シャモワ,卡莫伊斯",P,PPLA3,IT,93,,Europe/Rome,"45.83886,7.61871"
6534438,Pieve di Zignago,Pieve di Zignago,Zignago,P,PPLA3,IT,515,,Europe/Rome,"44.2779,9.74573"
6534440,Brezzo di Bedero,Brezzo di Bedero,,P,PPLA3,IT,950,,Europe/Rome,"45.97838,8.71743"
6534454,Veniano,Veniano,,P,PPLA3,IT,2876,316,Europe/Rome,"45.71629,8.98501"
6534461,Veddasca,Veddasca,,P,PPLA3,IT,346,,Europe/Rome,"46.07058,8.79873"
6534506,Fara Olivana,Fara Olivana,,P,PPLA3,IT,385,,Europe/Rome,"45.49508,9.74906"
6534526,Vigano San Martino,Vigano San Martino,,P,PPLA3,IT,1004,363,Europe/Rome,"45.72608,9.89616"
6534560,Persico Dosimo,Persico Dosimo,,P,PPLA3,IT,2657,,Europe/Rome,"45.18587,10.10517"
6534669,Terrassa Padovana,Terrassa Padovana,"Terasa Padovana,Terassa Padovana,Terrarsa,Terrassa-Padovana,tai la sa pa duo wa na,Террасса-Падована,Տերասա Պադովանա,テッラッサ・パドヴァーナ,泰拉萨帕多瓦纳",P,PPLA3,IT,1326,6,Europe/Rome,"45.24409,11.90271"
6534682,Cerignale,Cerignale,,P,PPLA3,IT,92,725,Europe/Rome,"44.67785,9.35077"
6534731,Samolaco,Samolaco,"Samolako,Samolegh,Summus Lacus,sa mo la ke,samorako,Самолако,Սամոլակո,サモーラコ,萨莫拉科",P,PPLA3,IT,2829,,Europe/Rome,"46.24249,9.39404"
6534741,Pertica Alta,Pertica Alta,,P,PPLA3,IT,608,,Europe/Rome,"45.74239,10.34417"
6534746,Provaglio Val Sabbia,Provaglio Val Sabbia,,P,PPLA3,IT,919,,Europe/Rome,"45.68879,10.43397"
6534755,Albaredo Arnaboldi,Albaredo Arnaboldi,,P,PPLA3,IT,205,,Europe/Rome,"45.10666,9.24296"
6534758,Lettere,Lettere,,P,PPLA3,IT,5605,,Europe/Rome,"40.70491,14.54494"
6534779,Cortina sulla Strada del Vino,Cortina sulla Strada del Vino,"Cortina sulla Strada del Vino,Kurtinig an der Weinstrasse",P,PPLA3,IT,640,,Europe/Rome,"46.26941,11.22188"
6534794,Valle di Casies - Gsies,Valle di Casies - Gsies,Gsieser Tal,P,PPLA3,IT,2098,,Europe/Rome,"46.76833,12.17939"
6534885,Momperone,Momperone,,P,PPLA3,IT,41,279,Europe/Rome,"44.83845,9.03425"
6534886,Moncestino,Moncestino,,P,PPLA3,IT,63,287,Europe/Rome,"45.15465,8.16143"
6534926,Alserio,Alserio,,P,PPLA3,IT,1106,265,Europe/Rome,"45.77888,9.20014"
6534982,Magherno,Magherno,,P,PPLA3,IT,1683,76,Europe/Rome,"45.22357,9.32935"
6535004,Brogliano,Brogliano,,P,PPLA3,IT,2562,172,Europe/Rome,"45.58919,11.36549"
6535029,San Prospero,San Prospero,,P,PPLA3,IT,2874,22,Europe/Rome,"44.78967,11.0221"
6535057,Rivarone,Rivarone,,P,PPLA3,IT,351,103,Europe/Rome,"44.97686,8.71565"
6535136,San Giacomo Filippo,San Giacomo Filippo,,P,PPLA3,IT,211,522,Europe/Rome,"46.33769,9.37124"
6535149,Ronco Briantino,Ronco Briantino,,P,PPLA3,IT,3367,247,Europe/Rome,"45.66628,9.40535"
6535164,Chiuduno,Chiuduno,,P,PPLA3,IT,5434,218,Europe/Rome,"45.65068,9.84946"
6535216,Oliva Gessi,Oliva Gessi,,P,PPLA3,IT,19,245,Europe/Rome,"45.00597,9.17317"
6535224,Villa Biscossi,Villa Biscossi,,P,PPLA3,IT,73,90,Europe/Rome,"45.09066,8.78715"
6535253,Carano,Carano,,P,PPLA3,IT,821,1086,Europe/Rome,"46.29151,11.43978"
6535269,Ciconio,Ciconio,,P,PPLA3,IT,355,277,Europe/Rome,"45.33025,7.75852"
6535270,Colleretto Castelnuovo,Colleretto Castelnuovo,,P,PPLA3,IT,269,585,Europe/Rome,"45.42236,7.67981"
6535356,Perledo,Perledo,,P,PPLA3,IT,608,395,Europe/Rome,"46.01529,9.2956"
6535379,Arizzano,Arizzano,,P,PPLA3,IT,2033,458,Europe/Rome,"45.95738,8.58292"
6535433,Rassa,Rassa,,P,PPLA3,IT,59,917,Europe/Rome,"45.76821,8.01208"
6535443,Dormelletto,Dormelletto,,P,PPLA3,IT,2613,235,Europe/Rome,"45.73627,8.56663"
6535453,Battifollo,Battifollo,,P,PPLA3,IT,233,846,Europe/Rome,"44.31983,8.01094"
6535497,Aramengo,Aramengo,,P,PPLA3,IT,109,357,Europe/Rome,"45.10085,8.00003"
6535517,Roccaverano,Roccaverano,"Rakaverana,Rocavran,Rocha Uverani,Rokkaverano,luo ka wei la nuo,rokkavuerano,rwkafyranw,Ракаверана,Роккаверано,Ռոքավերանո,روكافيرانو,ロッカヴェラーノ,罗卡韦拉诺",P,PPLA3,IT,65,759,Europe/Rome,"44.59224,8.27214"
6535523,Sessame,Sessame,,P,PPLA3,IT,64,325,Europe/Rome,"44.67064,8.33684"
6535532,Carbonara Scrivia,Carbonara Scrivia,,P,PPLA3,IT,542,177,Europe/Rome,"44.84915,8.86975"
6535605,Mercatino Conca,Mercatino Conca,,P,PPLA3,IT,902,275,Europe/Rome,"43.87016,12.49115"
6535625,Trivigliano,Trivigliano,,P,PPLA3,IT,254,780,Europe/Rome,"41.77572,13.2723"
6535705,Vestreno,Vestreno,,P,PPLA3,IT,228,587,Europe/Rome,"46.08329,9.32484"
6535780,Pagazzano,Pagazzano,,P,PPLA3,IT,1951,126,Europe/Rome,"45.53428,9.67116"
6535784,Pradalunga,Pradalunga,,P,PPLA3,IT,4548,327,Europe/Rome,"45.74588,9.78225"
6535794,Cura Carpignano,Cura Carpignano,,P,PPLA3,IT,2916,78,Europe/Rome,"45.21247,9.25565"
6535795,Galliavola,Galliavola,,P,PPLA3,IT,207,90,Europe/Rome,"45.09756,8.81885"
6535799,Imer,Imer,,P,PPLA3,IT,1114,670,Europe/Rome,"46.14931,11.78919"
6535812,Meana di Susa,Meana di Susa,"Meana,Meana di Suza,Meana-di-Suza,Meana-dzi-Suza,Means,Mediana,Méans,mei ya na di su sa,Меана-дзі-Суза,Меана-ди-Суза,Меана-ді-Суза,Մեանա դի Սուզա,メアーナ・ディ・スーザ,梅亚纳迪苏萨",P,PPLA3,IT,666,681,Europe/Rome,"45.12204,7.06471"
6535828,Civiasco,Civiasco,,P,PPLA3,IT,231,716,Europe/Rome,"45.80786,8.29386"
6535832,Gattico,Gattico,,P,PPLA3,IT,2975,345,Europe/Rome,"45.70717,8.52003"
6535847,Cardè,Carde,,P,PPLA3,IT,786,258,Europe/Rome,"44.74444,7.47762"
6544029,Porto Cervo,Porto Cervo,"Porto Chervo,Порто Черво",P,PPL,IT,2050,,Europe/Rome,"41.14063,9.53267"
6544081,Chiassa-Tregozzano,Chiassa-Tregozzano,,P,PPLL,IT,1767,,Europe/Rome,"43.51251,11.89134"
6621384,Sieci,Sieci,,P,PPL,IT,3416,80,Europe/Rome,"43.78847,11.39445"
6692316,Oscano,Oscano,,P,PPL,IT,1293,293,Europe/Rome,"43.15863,12.33776"
7290262,Fratta Terme,Fratta Terme,,P,PPL,IT,1487,47,Europe/Rome,"44.14157,12.10213"
8605024,Poggetto,Poggetto,,P,PPL,IT,1588,37,Europe/Rome,"43.8279,11.03847"
8629283,San Bartolomeo,San Bartolomeo,,P,PPL,IT,1116,112,Europe/Rome,"44.67402,10.53941"
8948729,Progresso,Progresso,Progresso,P,PPLA3,IT,12441,,Europe/Rome,"44.56892,11.3642"
8948754,Piattoni-Villa Sant'Antonio,Piattoni-Villa Sant'Antonio,Piattoni-Villa Sant'Antonio,P,PPLA3,IT,7733,,Europe/Rome,"42.8663,13.7112"
8948824,Mercatale-San Quirico,Mercatale-San Quirico,Mercatale-San Quirico,P,PPLA3,IT,3910,,Europe/Rome,"44.04426,11.15163"
8948832,Manoppello Scalo,Manoppello Scalo,Manoppello Scalo,P,PPL,IT,3641,,Europe/Rome,"42.30762,14.05363"
8948841,Crocetta-Nogarè,Crocetta-Nogare,"Crocetta-Nogare,Crocetta-Nogarè",P,PPLA3,IT,3486,,Europe/Rome,"45.82707,12.03013"
8948842,Mombretto,Mombretto,Mombretto,P,PPL,IT,3435,,Europe/Rome,"45.4239,9.36506"
8948845,San Giacomo,San Giacomo,San Giacomo,P,PPL,IT,3404,,Europe/Rome,"46.45624,11.33365"
8948851,Cascine-La Croce,Cascine-La Croce,Cascine-La Croce,P,PPL,IT,3304,,Europe/Rome,"43.72885,10.61471"
8948862,San Bartolomeo,San Bartolomeo,San Bartolomeo,P,PPL,IT,3153,,Europe/Rome,"41.48265,13.85747"
8948885,San Francesco,San Francesco,San Francesco,P,PPL,IT,2823,,Europe/Rome,"43.77483,11.44842"
8948907,Fogliano,Fogliano,Fogliano,P,PPL,IT,2607,,Europe/Rome,"44.64751,10.64505"
8948920,Cappone,Cappone,Cappone,P,PPL,IT,2488,,Europe/Rome,"43.83071,12.74458"
8948921,Meledo,Meledo,Meledo,P,PPL,IT,2484,,Europe/Rome,"45.43821,11.4156"
8948960,Bivio Santa Cecilia,Bivio Santa Cecilia,Bivio Santa Cecilia,P,PPL,IT,2138,,Europe/Rome,"40.52224,15.00018"
8949007,Colli di Enea,Colli di Enea,Colli di Enea,P,PPL,IT,1952,,Europe/Rome,"41.65554,12.49035"
8949025,Matinella,Matinella,Matinella,P,PPL,IT,1887,,Europe/Rome,"40.50158,15.06692"
8949036,Litta Parodi-Cascinagrossa,Litta Parodi-Cascinagrossa,Litta Parodi-Cascinagrossa,P,PPL,IT,1839,,Europe/Rome,"44.87336,8.71246"
8949039,Padiglione,Padiglione,Padiglione,P,PPL,IT,1826,,Europe/Rome,"43.8518,12.72129"
8949062,Sciarborasca,Sciarborasca,Sciarborasca,P,PPL,IT,1732,,Europe/Rome,"44.40182,8.61541"
8949064,Sasi,Sasi,Sasi,P,PPL,IT,1728,,Europe/Rome,"37.90217,12.88788"
8949076,Velasca,Velasca,Velasca,P,PPL,IT,1703,,Europe/Rome,"45.63165,9.35519"
8949131,San Jacopo al Girone,San Jacopo al Girone,San Jacopo al Girone,P,PPL,IT,1531,,Europe/Rome,"43.76956,11.34032"
8949142,San Pietro Belvedere,San Pietro Belvedere,San Pietro Belvedere,P,PPL,IT,1504,,Europe/Rome,"43.57011,10.66604"
8949214,Roggione,Roggione,Roggione,P,PPL,IT,1337,,Europe/Rome,"45.18378,9.80739"
8949224,Boscochiaro,Boscochiaro,Boscochiaro,P,PPL,IT,1321,,Europe/Rome,"45.13658,12.12182"
8949262,Pietre,Pietre,Pietre,P,PPL,IT,1237,,Europe/Rome,"40.70048,14.61993"
8949302,Brongio,Brongio,Brongio,P,PPL,IT,1167,,Europe/Rome,"45.76535,9.31251"
8949319,Pennisi,Pennisi,Pennisi,P,PPL,IT,1143,,Europe/Rome,"37.64945,15.12385"
8949355,Pilastro,Pilastro,Pilastro,P,PPL,IT,1091,,Europe/Rome,"44.68254,10.28879"
8949369,Prepezzano,Prepezzano,Prepezzano,P,PPL,IT,1075,,Europe/Rome,"40.72754,14.89123"
8949386,Bettola,Bettola,Bettola,P,PPLA3,IT,1052,,Europe/Rome,"45.33173,9.0208"
8949784,San Nicola,San Nicola,San Nicola,P,PPLA3,IT,739,,Europe/Rome,"38.21199,15.69381"
8949868,Camoneone,Camoneone,,P,PPLA3,IT,691,,Europe/Rome,"45.78547,9.5691"
8951828,Villa-Nabian,Villa-Nabian,Villa-Nabian,P,PPLA3,IT,280,,Europe/Rome,"45.6897,7.7047"
8952248,Meiern,Meiern,Meiern,P,PPLA3,IT,247,,Europe/Rome,"46.56503,10.7827"
8952780,Chiesa,Chiesa,Chiesa,P,PPLA3,IT,218,,Europe/Rome,"44.07787,8.10891"
9035498,Sciaves,Sciaves,Sciaves,P,PPLA3,IT,498,,Europe/Rome,"46.76859,11.66607"
9036374,San Venanzio,San Venanzio,San Venanzio,P,PPLA3,IT,1637,,Europe/Rome,"44.74517,11.43727"
9036375,Gazzolo-Volpino,Gazzolo-Volpino,Gazzolo-Volpino,P,PPL,IT,1636,,Europe/Rome,"45.37536,11.31319"
3042091,Saint Helier,Saint Helier,"JER,Saint Helier,Saint-Helier,Saint-Hélier,Sankt' Heliero,Sent-Khel'er,St Helier,St. Helier,seinteuhellieo,Сент-Хельер,세인트헬리어",P,PPLC,JE,28000,,Europe/Jersey,"49.18804,-2.10491"
3488380,Stony Hill,Stony Hill,,P,PPL,JM,8551,,America/Jamaica,"18.07916,-76.78473"
3488613,Savanna-la-Mar,Savanna-la-Mar,"Sav,Sav-la-Mar,Savanna-la-Mar,Savannah la Mar",P,PPLA,JM,16553,,America/Jamaica,"18.21895,-78.1332"
3489555,Maroon Town,Maroon Town,"Camperdown,Maroon Town",P,PPL,JM,3085,,America/Jamaica,"18.34464,-77.79544"
248719,Kafr Sawm,Kafr Sawm,"Kafr Sawm,Kufr Saum,Kufr Som,Kufr as Sawm,kfr swm,كفر سوم",P,PPL,JO,7152,,Asia/Amman,"32.68527,35.80102"
250336,Ar Ramthā,Ar Ramtha,"Ar Ramtha,Ar Ramthā,El Remteh,Er Remtha,Ramtha,alrmtha,الرمثا",P,PPLA2,JO,155693,,Asia/Amman,"32.55873,36.00816"
250603,Al Kittah,Al Kittah,"Al Kitta,Al Kittah,Al Kittā,El Kitta,El-Kitte,Kitta,alktt,الكتة",P,PPL,JO,5626,,Asia/Amman,"32.27685,35.84114"
1848169,Yoshino-chō,Yoshino-cho,"ji ye ting,吉野町",P,PPL,JP,8829,,Asia/Tokyo,"34.39611,135.85768"
1848281,Yonabaru,Yonabaru,"Yonabaru,Yonabaru-cho,Yonabaru-chō,Yonahara,Yonawa,Yunabaru,yu na yuan,yu na yuan ding,与那原,与那原町",P,PPL,JP,18410,,Asia/Tokyo,"26.20437,127.75267"
1849429,Ueda,Ueda,"Oweda,Ueda,Ueda-chhi,Ueda-chhī,Uehda,awyda  naganw,shang tian,shang tian shi,ueda si,ywyda,Уеда,Уэда,Ուեդա,اوئدا، ناگانو,يويدا,上田,上田市,우에다 시",P,PPLA2,JP,157480,,Asia/Tokyo,"36.40265,138.28161"
1849539,Tsushima,Tsushima,"Cusima,Tsushima,Tsushima cho,Tsushima chō,jin dao,Цусима,津島",P,PPLA2,JP,67658,,Asia/Tokyo,"35.16667,136.71667"
1850498,Tatsuno,Tatsuno,"chen ye,chen ye ding,辰野,辰野町",P,PPL,JP,18951,,Asia/Tokyo,"35.98426,137.99721"
1850742,Tamano,Tamano,"Tamano,Tamano-chhi,Tamano-chhī,damano si,tamanw,tamanw  awkayama,yu ye,yu ye shi,Тамано,تامانو,تامانو، اوکایاما,玉野,玉野市,다마노 시",P,PPLA2,JP,67786,,Asia/Tokyo,"34.51745,133.94574"
1850878,Takedamachi,Takedamachi,"Takeda,Takedamachi,Taketa,Taketa-machi",P,PPLX,JP,16361,,Asia/Tokyo,"32.96667,131.4"
1851079,Takamori,Takamori,"Takamori,Takamori-machi,gao sen,takamori,たかもり,タカモリ,高森",P,PPL,JP,6189,,Asia/Tokyo,"32.81959,131.12704"
1851259,Tahara,Tahara,"Tahara,Tahara-chhi,Tahara-chhī,Takhara,Tawara,dahala si,tahara,tahara  aychy,tian yuan,tian yuan shi,Тахара,Таҳара,تاهارا,تاهارا، آیچی,تاہارا، ایچی,田原,田原市,다하라 시",P,PPLA2,JP,60206,,Asia/Tokyo,"34.66667,137.26667"
1851462,Sukumo,Sukumo,"Sukumo,su mao,su mao shi,宿毛,宿毛市",P,PPLA2,JP,19292,,Asia/Tokyo,"32.93333,132.73333"
1851751,Shitara,Shitara,"Shidara,Shitara,Shitara-cho,Shitara-chō,Sitara,she le ding,設楽町",P,PPL,JP,4531,,Asia/Tokyo,"35.1,137.56667"
1854022,Ono,Ono,"Ono,da ye,Оно,大野",P,PPLA2,JP,33640,,Asia/Tokyo,"35.98106,136.48727"
1856068,Nago,Nago,"Naga,Nago,Nago-chhi,Nago-chhī,Nagu,Okaneku,ming hu,ming hu shi,naghw  awkynawa,nago si,nagw  awkynawa,Ôkaneku,Нага,Наго,Наґо,נאגו,ناغو، أوكيناوا,ناگو، اوکیناوا,名護,名護市,나고 시",P,PPLA2,JP,59587,,Asia/Tokyo,"26.61502,127.98543"
1858272,Kurio,Kurio,"Kurio,Kuryu,li sheng,Курио,栗生",P,PPL,JP,1803,,Asia/Tokyo,"30.27123,130.4236"
1860034,Kariya,Kariya,"Karija,Kariya,Kariya-chhi,Kariya-chhī,Kariya-cho,Kariya-chō,galiya si,karya  aychy,karyya,karyya  aychy,yi gu,yi gu shi,Кария,Карија,Карія,كارييا,کاریا، آیچی,کاریہ,کارییا، ایچی,刈谷,刈谷市,가리야 시",P,PPLA2,JP,139159,,Asia/Tokyo,"34.98333,136.98333"
1860765,Kaizuka,Kaizuka,"Kaitsuka,Kaizuka,bei zhong,bei zhong shi,貝塚,貝塚市",P,PPLA2,JP,92632,,Asia/Tokyo,"34.45,135.35"
1860827,Kagoshima,Kagoshima,"KOJ,Kagoshima,Kagoshima-shi,Kagoshimashi,Kagosima,Kagošima,gagosima si,kaghwshyma,kagoshima,kagoshimashi,lu er dao,lu er dao shi,lu r dao shi,Кагошима,كاغوشيما,かごしま,かごしまし,カゴシマ,カゴシマシ,鹿儿岛市,鹿児島,鹿児島市,가고시마 시",P,PPLA,JP,595049,,Asia/Tokyo,"31.56667,130.55"
1860878,Kadena,Kadena,"Kadena,Kadina,Katena,jia shou na,jia shou na ding,kadena,かでな,嘉手納,嘉手納町",P,PPL,JP,13671,,Asia/Tokyo,"26.36519,127.75857"
1861464,Isahaya,Isahaya,"Isahaja,Isahara,Isahaya,Isahaya-chhi,Isahaya-chhī,Isakhaja,aysahaya,aysahaya  nagazaky,dong zao,dong zao shi,isahaya si,jian zao,jian zao shi,Ісахая,Исахая,Исахаја,Исаҳая,إيساهايا,ایساهایا، ناگازاکی,諌早,諌早市,諫早,諫早市,이사하야 시",P,PPLA2,JP,135546,,Asia/Tokyo,"32.84111,130.04306"
1862599,Hino,Hino,"Hinas,Hino,Hino-chhi,Hino-chhī,Khino,hi noa,hino si,hynw,hynw  twkyw,ri ye,ri ye shi,Хино,Хіно,Ҳино,Հինո,هينو,هینو، توکیو,ฮิโนะ,日野,日野市,히노 시",P,PPLA2,JP,187048,,Asia/Tokyo,"35.67306,139.40028"
1863289,Hamamatsu,Hamamatsu,"Hamamacu,Hamamatsu,Hamamatsu City,Hamamatsu-shi,Hamamatu,Hamamatu-chhi,Hamamatu-chhī,Khamamacu,bang song,bang song shi,bin song shi,ha ma masu,hamamasseu si,hamamatsw,hamamatsw  shyzwywka,Хамамацу,Хамамацү,Ҳамаматсу,هاماماتسو,هاماماتسو، شیزوئوکا,ہاماماتسو,ฮะมะมะสึ,浜松,浜松市,滨松市,하마마쓰 시",P,PPLA2,JP,791707,,Asia/Tokyo,"34.7,137.73333"
1865103,Arita,Arita,"Arita,Arita-cho,Arita-chō,you tian ding,有田町",P,PPL,JP,18989,,Asia/Tokyo,"33.18333,129.9"
2110538,Yanagawamachi-saiwaichō,Yanagawamachi-saiwaicho,"Janagava,Yanagawa,Yanagawamachi-saiwaicho,Yanagawamachi-saiwaichō,Yanakawa,liang chuan ding xing ding,Янагава,梁川町幸町",P,PPL,JP,20807,,Asia/Tokyo,"37.85,140.6"
2111809,Murata,Murata,"Murata,cun tian,村田",P,PPL,JP,10675,,Asia/Tokyo,"38.11858,140.72434"
2112144,Koori,Koori,"Koori,Koori-machi,Kori,sang zhe ding,桑折町",P,PPL,JP,11679,,Asia/Tokyo,"37.83333,140.51667"
2112284,Kawasaki,Kawasaki,"Kawasaki,Kawasaki-machi,chuan qi ding,川崎町",P,PPL,JP,8637,,Asia/Tokyo,"38.17278,140.63694"
2112543,Iwaizumi,Iwaizumi,"Ivaidzumi,Iwaizumi,iwaijeumi jeong,yan quan ding,Іваїдзумі,Иваидзуми,岩泉町,이와이즈미 정",P,PPL,JP,8987,,Asia/Tokyo,"39.85,141.8"
2112917,Funagata,Funagata,"Funagata,Funagata-machi,zhou xing,舟形",P,PPL,JP,5101,,Asia/Tokyo,"38.68889,140.31944"
2128558,Otofuke,Otofuke,"Otopuke,yin geng,音更",P,PPL,JP,44235,,Asia/Tokyo,"42.99167,143.20028"
2129951,Ikeda,Ikeda,"Ikeda,Ikeda-cho,Ikeda-chō,Kawaai,chi tian ding,池田町",P,PPL,JP,6933,,Asia/Tokyo,"42.92139,143.45194"
6822142,Suzu,Suzu,"Sudzu,Susu,Suzu,Suzu-chhi,Suzu-chhī,seujeu si,swzw,swzw  ashykawa,swzw  ayshykawa,zhu zhou,zhu zhou shi,Судзу,Сузу,سوزو,سوزو، اشیکاوا,سوزو، ایشیکاوا,珠洲,珠洲市,스즈 시",P,PPLA2,JP,0,,Asia/Tokyo,"37.43459,137.26009"
6822201,Oga,Oga,"Oga,Oga-chhi,Oga-chhī,awga  akyta,awgha,nan lu,nan lu shi,oga si,Ога,Ога қаласы,Оґа,أوغا,اوگا، آکیتا,اوگا، اکیتا,男鹿,男鹿市,오가 시",P,PPLA2,JP,0,,Asia/Tokyo,"39.871,139.84926"
6825498,Kawachi-Nagano,Kawachi-Nagano,"Kawachi-Nagano,he nei zhang ye,河内長野",P,PPLA2,JP,0,,Asia/Tokyo,"34.44108,135.58283"
7303138,Kirishima,Kirishima,"wu dao,霧島",P,PPLA2,JP,123205,,Asia/Tokyo,"31.74087,130.76288"
10630441,Ozora,Ozora,"MMB,Odzora,Ozora,Ozora-cho,da kong ding,ojola jeong,Ōzora-chō,Одзора,大空町,오조라 정",P,PPL,JP,7430,,Asia/Tokyo,"43.91298,144.16852"
11127679,Eniwa,Eniwa,"hui ting,恵庭",P,PPLA2,JP,0,,Asia/Tokyo,"42.89357,141.576"
11205269,Minami-Alps,Minami-Alps,"nanarupusu,南アルプス",P,PPLA2,JP,71618,,Asia/Tokyo,"35.616,138.46344"
11274040,Arao,Arao,"Arao,arao,huang wei,あらお,アラオ,荒尾",P,PPLA2,JP,53675,,Asia/Tokyo,"32.97888,130.44572"
11611486,Takasago,Takasago,"gao sha,高砂",P,PPLA2,JP,0,,Asia/Tokyo,"34.76298,134.79229"
11611610,Ogōri,Ogori,"xiao jun,小郡",P,PPLA2,JP,0,,Asia/Tokyo,"33.38738,130.54865"
11611624,Katano,Katano,"jiao ye,交野",P,PPLA2,JP,0,,Asia/Tokyo,"34.79329,135.68596"
11611941,Tome,Tome,"deng mi,登米",P,PPLA2,JP,77897,,Asia/Tokyo,"38.70882,141.15578"
11611942,Kamagaya,Kamagaya,"lianke gu,鎌ケ谷",P,PPLA2,JP,0,,Asia/Tokyo,"35.76971,140.00238"
11611946,Bizen,Bizen,"bei qian,備前",P,PPLA2,JP,0,,Asia/Tokyo,"34.78674,134.23542"
11611947,Higashiōmi,Higashiomi,"dong jin jiang,東近江",P,PPLA2,JP,0,,Asia/Tokyo,"35.1039,136.26274"
11612328,Tosa,Tosa,"tu zuo,土佐",P,PPLA2,JP,0,,Asia/Tokyo,"33.50476,133.44475"
11612583,Shūnan,Shunan,"zhou nan,周南",P,PPLA2,JP,0,,Asia/Tokyo,"34.08053,131.82564"
187661,Mariakani,Mariakani,Mariakani,P,PPL,KE,12786,,Africa/Nairobi,"-3.86261,39.47458"
190544,Konza,Konza,Konza,P,PPL,KE,2004,,Africa/Nairobi,"-1.73947,37.13195"
1527317,Suzak,Suzak,"Suzak,Сузак",P,PPLA2,KG,30534,,Asia/Bishkek,"40.8982,72.90481"
1527903,Kochkor-Ata,Kochkor-Ata,"Kochkor-Ata,Qo`chqor-Ota,Qo‘chqor-Ota,Кочкор-Ата",P,PPL,KG,17177,,Asia/Bishkek,"41.03709,72.4832"
1528735,Batken,Batken,"Batken,Batkena,Batkenas,Batkén,Botken,ba te ken,badknd,basken,batakena,batoken,Баткен,باتکێن,بادکند,बातकेन,バトケン,巴特肯,밧켄",P,PPLA,KG,27730,,Asia/Bishkek,"40.06259,70.81939"
1528856,Alga,Alga,"Alga,Olg`a,Olg‘a,Алга",P,PPLA3,KG,0,,Asia/Bishkek,"40.2363,71.49899"
8376054,Kyzyl-Bulak,Kyzyl-Bulak,"Kyzyl-Bulak,Qizil-Buloq,Кызыл-Булак",P,PPLA3,KG,0,,Asia/Bishkek,"40.0517,71.73726"
1827523,Koas Krala,Koas Krala,"Kas Kralo,Koas Krala,Koas Kralar,Kokolor,Koăs Krâlâ,Phum Kas Kralo,Phum Koas Krala,Phum Kôâs Krâlâ,Phumi Koas Krala,Phumĭ Koăs Krâlâ,ភូមិ គាស់ក្រឡ",P,PPLA2,KH,0,,Asia/Phnom_Penh,"12.75588,103.25514"
1829514,Bavel,Bavel,"Bavel,Boh Wel,Phum Bavel,Phumi Bavil,Phumĭ Bâvĭl",P,PPLA2,KH,0,,Asia/Phnom_Penh,"13.25128,102.87795"
1830298,Moung Ruessei,Moung Ruessei,"Maung,Maung Russei,Moung,Moung Roessei,Moung Ruessei,Moung Russei,Moung Russey,Moŭng Rœssei,Moŭng Rŭssei,Muong Roessei,Russey,មោងឬស្សី",P,PPLA2,KH,0,,Asia/Phnom_Penh,"12.77452,103.44926"
1830467,Krong Kep,Krong Kep,"Kaeb,Kep,Krong Keb,Krong Kep,Krŏng Kêb,Krŏng Kêp,របភាពករង,រូបភាពក្រុង",P,PPLA,KH,11658,,Asia/Phnom_Penh,"10.48291,104.31672"
1831167,Kampong Chhnang,Kampong Chhnang,"KZC,Kampong Chhnang,Kampong Chnang,Kampongchnang,Kompon Chnang,Kompong Chhang,Kompong Chhnang,Kâmpóng Chhnăng,Phumi Kampong Chhnang,Phumĭ Kâmpông Chhnăng,Кампонгчнанг,ករងកពងឆនាង,ក្រុងកំពង់ឆ្នាំង",P,PPLA,KH,75244,,Asia/Phnom_Penh,"12.25,104.66667"
11416659,Smach Meanchey,Smach Meanchey,Smach Meanchey,P,PPLA2,KH,0,,Asia/Phnom_Penh,"11.60412,102.98801"
11448939,Srei Snam,Srei Snam,Srei Snam,P,PPLA2,KH,0,,Asia/Phnom_Penh,"13.8342,103.51315"
11475282,Mean Chey,Mean Chey,Mean Chey,P,PPLA2,KH,0,,Asia/Phnom_Penh,"11.53264,104.93662"
11598833,Aoral,Aoral,Aoral,P,PPLA2,KH,0,,Asia/Phnom_Penh,"11.68778,104.12959"
2110229,Buota Village,Buota Village,,P,PPL,KI,1373,,Pacific/Tarawa,"1.39078,173.13082"
921847,Kangani,Kangani,Kangani,P,PPL,KM,3711,,Indian/Comoro,"-12.32102,44.4727"
1092343,Mavingouni,Mavingouni,Mavingouni,P,PPL,KM,1390,,Indian/Comoro,"-11.71639,43.2525"
1092516,Madjeouéni,Madjeoueni,"Madjeoueni,Madjeouéni",P,PPL,KM,1320,,Indian/Comoro,"-11.82167,43.27806"
3575296,Market Shop,Market Shop,Market Shop,P,PPLA,KN,2568,,America/St_Kitts,"17.13218,-62.57267"
1871871,P’yŏngsŏng,P'yongsong,"P'yongsong,P’yŏngsŏng,Sain-ni,Sainjang,Sanchon,Shajimjo,Shajimjō,Shajinjo,Shajinjō,Shaninjo,Shaninjō",P,PPLA,KP,100000,,Asia/Pyongyang,"39.24639,125.87194"
1875790,Koksan,Koksan,"Kokan,Kokchang,Koksan,Koksan-up,Koksan-ŭp,Kokusan,Kokuso,Kokusō,Kokuzan,gogsan,곡산",P,PPL,KP,12923,,Asia/Pyongyang,"38.78194,126.66639"
2040674,Sŏnbong,Sonbong,"Ongei,Seonbong,Sonbon,Sonbong,Sonbong-up,Sŏnbong,Sŏnbong-ŭp,Unggi,Unggi-up,Unggi-yu,Yuki,Yūki,seonbong,Сонбон,선봉",P,PPLA2,KP,27331,,Asia/Pyongyang,"42.35118,130.38307"
2043572,Kanggye,Kanggye,"Kakai,Kang-ge,Kange,Kanggye,Kanggye-si,Kokai,Kōkai,gang-gye,gang-gyesi,jiang jie,jiang jie shi,Канге,江界,江界市,강계,강계시",P,PPLA,KP,209530,,Asia/Pyongyang,"40.96946,126.58523"
2043835,Hyesan-dong,Hyesan-dong,"Hyesan-dong,Hyesandong,hyesandong,혜산동",P,PPL,KP,97794,,Asia/Pyongyang,"41.39542,128.18752"
2044050,Hongwŏn,Hongwon,"Hongwon,Hongwon-up,Hongwŏn,Hongwŏn-ŭp,Kogen,Kogon,Kōgen,hong-won,홍원",P,PPL,KP,70923,,Asia/Pyongyang,"40.02528,127.95583"
12083797,Kogŏnwon,Kogonwon,"Kogonwon,Kogŏnwon,gogeon-won,고건원",P,PPLA3,KP,0,,Asia/Pyongyang,"42.66309,130.20179"
1832501,Yeonggwang,Yeonggwang,"Reiko,Yeonggwang,Yonggwang,Yŏnggwang,yeong-gwang,영광",P,PPLA3,KR,19909,,Asia/Seoul,"35.27814,126.51181"
1832771,Yesan,Yesan,"Esan,Jesan,Reisan,Reizan,Yesan,Yosan,Yŏsan,yesan,yesangun,Есан,예산,예산군",P,PPL,KR,39409,,Asia/Seoul,"36.67756,126.84272"
1832847,Yangju,Yangju,"Jandzhu,Yangju-gun,Yangju-si,yang zhou shi,yangju,yangjusi,yangjw,Янджу,یانگجو,楊州市,양주,양주시",P,PPL,KR,179923,,Asia/Seoul,"37.83311,127.06169"
1834885,Tangjin,Tangjin,"Tangjin,Toshin,Tosin,Tōshin,Tōsin,dangjin,dangjinsi,당진,당진시",P,PPL,KR,32778,,Asia/Seoul,"36.89444,126.62972"
1837707,Sangju,Sangju,"Sangju,Sangju-ri,Sanju-ri,Shoshu-ri,Shōshū-ri,Syosuri,Syōsūri,sangju,상주",P,PPLA3,KR,0,,Asia/Seoul,"34.72423,127.98521"
1842859,Koch'ang,Koch'ang,"Kosho,Kōshō,gochang,gochang-gun,고창,고창군",P,PPL,KR,72996,,Asia/Seoul,"35.43333,126.7"
1844751,Haenam,Haenam,"Haenam,Kainan,haenam,해남",P,PPL,KR,23928,,Asia/Seoul,"34.57111,126.59889"
1845604,Cheongju-si,Cheongju-si,"CJJ,Cheongju,Cheongju-si,cheongju,cheongjusi,청주,청주시",P,PPLA,KR,846291,,Asia/Seoul,"36.63722,127.48972"
8606441,Seonwon,Seonwon,"Seonwon,seon-won,선원",P,PPLA3,KR,0,,Asia/Seoul,"37.71223,126.48439"
3893726,Constitución,Constitucion,"Constitucion,Constitución,Konstitus'on,Konstitusjon,kanstytsywn  shyly,kong si di tu xi weng,konseutitusion,konsutitoushion,kwnstytsywn,Конститусьон,Конститусјон,كونستيتسيون,کانستیتسیون، شیلی,コンスティトゥシオン,孔斯蒂圖西翁,콘스티투시온",P,PPL,CL,37917,,America/Santiago,"-35.33321,-72.41156"
3896774,Carahue,Carahue,"Carahue,Carahuo",P,PPL,CL,11875,,America/Santiago,"-38.71122,-73.16101"
3899361,Arica,Arica,"ARI,Areka,Arica,Arika,Arėka,a li ka,a lie ka,alika,arika,aryka,erika,Αρίκα,Арика,Аріка,Արիկա,אריקא,אריקה,آریکا,أريكا,एरिका,ਆਰੀਕਾ,არიკა,アリカ,阿列卡,阿里卡,아리카",P,PPLA,CL,185999,,America/Santiago,"-18.4746,-70.29792"
2226441,Mme-Bafumen,Mme-Bafumen,"Me,Mme,Mme-Bafumen",P,PPL,CM,6149,,Africa/Douala,"6.33333,10.23333"
2232283,Ébolowa,Ebolowa,"EBW,Ebolova,Ebolowa,Ébolowa",P,PPLA,CM,87875,,Africa/Douala,"2.9,11.15"
2232497,Doumé,Doume,"Doume,Doumé,Dume,Dume-Station",P,PPL,CM,5581,,Africa/Douala,"4.23333,13.45"
2235029,Bali,Bali,"BLC,Bali,Бали",P,PPL,CM,72606,,Africa/Douala,"5.88737,10.01176"
1279965,Songmai,Songmai,"Derong,Dêrong,Songmai,Songmai Zhen,Te-jung,Te-jung-hsien,Te-yung,Tehjung,de rong,song mai,song mai zhen,得荣,松麦,松麦镇",P,PPLA3,CN,0,,Asia/Shanghai,"28.71471,99.28633"
1280703,Liuku,Liuku,,P,PPLA3,CN,63013,,Asia/Shanghai,"25.8505,98.85567"
1280737,Lhasa,Lhasa,"LXA,La-sa-shih,Lasa,Lasao,Lassa,Lhas,Lhasa,Lhasa Shi,Lhasa-chhi,Lhasa-chhī,Lhasa-su,Lhasa-sṳ,Lhassa,Lhasza,Lhásza,Lkhas,Lkhasa,Lkhasa shaary,Lkhasae,Lkhase,Lása,l'hasa,la sa,la sa shi,laca,lasa,lassa si,lhasa,lhsh,rasa,rasa shi,Λάσα,Ласа,Лхас,Лхасæ,Лхаса,Лхаса балһсн,Лхаса шаары,Лхасе,Һаса,להסה,لاسا,لاسا شەھىرى,لهاسا,لہاسا,ल्हासा,লাসা,ਲਾਸਾ,ଲାସା,லாசா,ลาซา,ལ་ས།,ལྷ་ས།,ლჰასა,ラサ,ラサ市,拉萨,拉萨市,拉薩,拉薩市,라사,라싸 시",P,PPLA,CN,118721,,Asia/Shanghai,"29.65,91.1"
1281098,Gyigang,Gyigang,"Ch'a-yu,Chayu Xian,Chi-kung,Ch’a-yü,Gyigang,Jigong,Sang-ang-ch'u,Sang-ang-ch’ü,Zayu,Zayü,cha yu xian,ji gong,吉公,察隅县",P,PPLA3,CN,0,,Asia/Shanghai,"28.66667,97.51667"
1529013,Yining,Yining,"Ghulja,Gulja,I-li,I-ning,I-ning-hsien,I-ning-shih,Kaldja,Khouldja,Kol'dzhat,Kol’dzhat,Kuldja,Kuldscha,Kuldzha,Kulja,Ning-yuan,Ning-yuen,Ning-yüan,Ningyuanhsien,Qulja,YIN,Yining,Yining Xian,yi ning,yi ning xian,Ƣulja,Ғулҗа,غۇلجا,伊宁,伊宁县",P,PPLA3,CN,0,,Asia/Urumqi,"43.97799,81.51804"
1529239,Sandaohezi,Sandaohezi,"San-tao-ho,San-tao-ho-tzu,San-tao-ho-tzu-chen,San-tao-ho-tzu-hsiang,San-tu-ho-tzu,Sandaohezi,Sandaohezi Zhen,Sandukhoza,san dao he zi,san dao he zi zhen,三道河子,三道河子镇",P,PPLA3,CN,60129,,Asia/Urumqi,"44.32597,85.62009"
1538375,Dadamtu,Dadamtu,"Dadamtu,Dadamtu Xiang,Dadamutu,Dadamutu Xiang,da da mu tu,da da mu tu xiang,Дадамту,دادامتۇ,达达木图,达达木图乡",P,PPLA4,CN,36572,,Asia/Urumqi,"43.98028,81.31417"
1783873,Zhumadian,Zhumadian,"Chu-ma-tien,Chu-ma-tien-chen,Chu-ma-tien-shih,Chzhumadjan',Hsin-chuang,Zhumadian,zhu ma dian shi,Чжумадянь,驻马店市",P,PPLA2,CN,721670,,Asia/Shanghai,"32.97944,114.02944"
1784475,Zhong’ao,Zhong'ao,"Chung-ao-chen,Zhong'ao,Zhong'ao Zhen,Zhong’ao,Zhong’ao Zhen,zhong ao,zhong ao zhen,中敖,中敖镇",P,PPLA4,CN,31118,,Asia/Shanghai,"29.765,105.66645"
1784477,Zhong’an,Zhong'an,"Chung-an-chen,Fuyuan,P'ing-i,P'ing-i-hsien,Pingyi-hsien,P’ing-i,P’ing-i-hsien,Zhong'an,Zhong’an,zhong an,中安",P,PPLA3,CN,0,,Asia/Shanghai,"25.66667,104.23333"
1784658,Zhengzhou,Zhengzhou,"CGO,Cencou,Ceng-cou,Cengcou,Cheng,Cheng-chou,Cheng-chou-shih,Cheng-hsien,Chengchow,Chhiang-chu-su,Chhiáng-chû-sṳ,Chzhehnchzhou,Chzhenchzhou,Cjencjou,Csengcsou,Cwngcouh,Czengczou,Dang-ciu,Dzendzou,Dzengdzou,Dzhundzhou,Dâng-ciŭ,Džendžou,Džengdžou,Genggouo,Trinh Chau,Trịnh Châu,Tsentsoou,Tēⁿ-chiu-chhī,Zengzou,Zhengtsjou,Zhengzhou,Zhengzhou Shi,canaco,cancau,ceing cow,cencavu,jeongjeou si,jhengajho'u,tshnghtshw,zheng zhou,zheng zhou shi,zhngzhw,zhyngzhw,Çengçou,Çjençjou,Čeng-čou,Ĝengĝoŭo,Žengžou,Τσεντσόου,Џенгџоу,Джънджоу,Жөнжоу,Чженчжоу,Чжэнчжоу,Чжэнчжоў,تشنغتشو,جېڭجۇ شەھىرى,ژنگژو,ژینگژو,चंचौ,झेंगझोऊ,ਚੰਙਚੋ,செங்சவு,เจิ้งโจว,ကျင့်ကျိုးမြို့,郑州,郑州市,鄭州,鄭州市,정저우 시",P,PPLA,CN,4253913,,Asia/Shanghai,"34.75778,113.64861"
1784669,Zhengxing,Zhengxing,"Cheng-hsing,Zhengxing,Zhengxing Zhen,Zhengxingchang,zheng xing,zheng xing zhen,正兴,正兴镇",P,PPLA4,CN,27804,,Asia/Shanghai,"29.45741,106.12926"
1785372,Zhaishi Miaozu Dongzuxiang,Zhaishi Miaozu Dongzuxiang,"Chai-shih-chen,Chiu-sui-ning,Chzhaysichzhen,Jiusuining,Sui-ning,Zaishi,Zhaishi,Zhaishi Miaozu Dongzuxiang,Zhaishizhen",P,PPL,CN,3750,,Asia/Shanghai,"26.50083,110.04444"
1785432,Zengjia,Zengjia,"Tseng-chia-ho,Zengjia,Zengjia Zhen,Zengjiahe,ceng jia,ceng jia zhen,曾家,曾家镇",P,PPLA4,CN,1350,,Asia/Shanghai,"32.61957,106.10118"
1786050,Yuanshan,Yuanshan,"Lianping Xian,Lien-p'ing,Lien-p'ing-hsien,Lien-p’ing,Lien-p’ing-hsien,Lin-ping,Linping-hsien,Linpingchow,Yuanshan,Yuanshan Zhen,lian ping xian,yuan shan,yuan shan zhen,元善,元善镇,连平县",P,PPLA3,CN,0,,Asia/Shanghai,"24.36959,114.48962"
1786145,Youxi,Youxi,"Youxi,Youxi Zhen,Yu-hsi,you xi,you xi zhen,油溪,油溪镇",P,PPLA4,CN,63386,,Asia/Shanghai,"29.20936,106.14428"
1787601,Yanggu,Yanggu,"Jang,Yang-ku,Yang-ku-hsien,Yanggu,yang gu,Янг,阳谷",P,PPLA3,CN,74725,,Asia/Shanghai,"36.11056,115.77528"
1787667,Yangcheng,Yangcheng,"Fengcheng,Fengcheng Zhen,Yang-ch'eng-hsien,Yang-ch’eng-hsien,Yangcheng,Yangcheng Xian,feng cheng,feng cheng zhen,yang cheng xian,凤城,凤城镇,阳城县",P,PPLA3,CN,0,,Asia/Shanghai,"35.4922,112.40428"
1787816,Ya'an,Ya'an,"Ya'an,Ya-an-hsien,Ya-an-shih,Ya-chou,Yachow,Ya’an,Yucheng,Yucheng Qu,ya an,yu cheng,yu cheng qu,雅安,雨城,雨城区",P,PPLA2,CN,612056,,Asia/Shanghai,"29.98521,102.999"
1788224,Xixi,Xixi,"Hsi-hsi,Xixi,xi xi,锡溪",P,PPL,CN,2170,,Asia/Shanghai,"27.69375,110.95333"
1788391,Baicheng,Baicheng,"Baicheng,Hsi-p'ing-hsien,Hsi-ping,Hsi-p’ing-hsien,Sinin,Xiping,bai cheng,柏城",P,PPLA3,CN,0,,Asia/Shanghai,"33.38639,114.01583"
1788407,Xiongshan,Xiongshan,"Cheng-ho,Cheng-ho-hsien,Chiu-cheng-ho,Xiongshan,Xiongshan Zhen,Zhenghe,Zhenhe Xian,xiong shan,xiong shan zhen,zheng he,zheng he xian,政和,政和县,熊山,熊山镇",P,PPLA3,CN,0,,Asia/Shanghai,"27.36439,118.85711"
1788505,Xinyu,Xinyu,"Xinyu,Xinyu Shi,xin yu,xin yu shi,xinyu shi,新余,新余市",P,PPLA2,CN,0,,Asia/Shanghai,"27.83906,114.84591"
1788630,Xinshiba,Xinshiba,"Chieh-lo,Ganluo,Hsi-hsi-chiao-pa,Hsin-shih-pa,Kan-lo,Xinshiba,xin shi ba,新市坝",P,PPLA3,CN,0,,Asia/Shanghai,"28.97091,102.77126"
1788730,Xinmian,Xinmian,"Nongchang,Shih-mien,Shimian,Xinmian,xin mian,新棉",P,PPLA3,CN,0,,Asia/Shanghai,"29.23992,102.37208"
1789289,Ximeicun,Ximeicun,"Ch'i-mei-chen,Ch'i-wei,Ch’i-mei-chen,Ch’i-wei,Naman,Nan'an,Nan-an-hsien,Nan’an,Ximei,Ximeicun,Xizhai,xi mei,xi mei cun,西美,西美村",P,PPL,CN,94326,,Asia/Shanghai,"24.98773,118.3858"
1789649,Xichang,Xichang,"Hsi-ch'ang,Hsi-ch'ang-hsu,Hsi-ch’ang,Hsi-ch’ang-hsü,Saichong,Xichang",P,PPL,CN,80064,,Asia/Shanghai,"21.63333,108.95"
1790353,Xianyang,Xianyang,"Ham Duong,Ham-iong-chhi,Hang-iong,Hsien-yang,Hsien-yang-hsien,Hsien-yang-shih,Hszienjang,Hàm Dương,Hàng-iòng,Hâm-iông-chhī,San'jan,Sianjangas,Sien-jang,Sienjan,Sienyanghsien,Sjan'jan,Sjanjang,Sjanjango,Syanyan,Xianyang,Xianyang Shi,seiy n hyang,shyanyang,syen-yang si,xian yang,xian yang shi,Ŝjanjango,Саньян,Сиенян,Сяньян,Сјанјанг,شیانیانگ,شیان‌یانگ,เสียนหยาง,咸阳,咸阳市,咸陽,咸陽市,셴양 시",P,PPLA3,CN,1034081,,Asia/Shanghai,"34.33778,108.70261"
1790852,Yancheng,Yancheng,"Uchzhay,Wu-chai,Wu-chai-hsien,Wu-chia,Wuzhai,Wuzhai Xian,Yancheng,Yancheng Zhen,wu zhai xian,yan cheng,yan cheng zhen,五寨县,砚城,砚城镇",P,PPLA3,CN,0,,Asia/Shanghai,"38.91538,111.86928"
1790886,Wujin,Wujin,"Hsin-chin,Hsin-ching,Hsin-ching-hsien,Sinsing,Sintsing,Sintsinghsien,Wujin,Wuyang,Xinjin,wu jin,五津",P,PPLA3,CN,0,,Asia/Shanghai,"30.41131,103.81302"
1791346,Wucheng,Wucheng,"Wu-wei-hsien,Wucheng,Wuwei,Wuwei Xian,Wuweichow,wu cheng,wu wei xian,无为县,无城",P,PPLA3,CN,0,,Asia/Shanghai,"31.2837,117.90193"
1791663,Weiji,Weiji,"Wei-chi,Weiji",P,PPL,CN,48069,,Asia/Shanghai,"34.03333,117.95"
1791673,Weihai,Weihai,"Ui-hai,Ui-hai-chhi,Ui-hái-chhī,Uy Hai,Uy Hải,Vehjkhaj,Veihai,WEH,Wei-hai-shih,Wei-hai-wei,Wei-hai-wei-shih,Weihai,Weihai Shi,Wej-chaj,wei hai,wei hai shi,weihai si,wey hi,wihae,wyhay,Ŭi-hāi,Вэйхай,ویهای,وییہائی,ۋېيخەي شەھىرى,เวยไห่,威海,威海市,웨이하이 시,위해",P,PPLA2,CN,844310,,Asia/Shanghai,"37.50914,122.11356"
1792841,Tianzhou,Tianzhou,"Chiu-feng-i,Feng-i,T'ien-chou,T'ien-chou-chen,T'ien-chou-hsu,T'ien-yang,Tianyang,Tianzhou,Tienchow,T’ien-chou,T’ien-chou-chen,T’ien-chou-hsü,T’ien-yang,tian zhou,田州",P,PPLA3,CN,0,,Asia/Shanghai,"23.74137,106.91311"
1793315,Tangwu,Tangwu,"T'ang-wu-chieh,Tangwu,T’ang-wu-chieh",P,PPL,CN,93260,,Asia/Shanghai,"36.44667,118.85972"
1794700,Shuanghe,Shuanghe,"Shuang-ho-ch'ang,Shuang-ho-ch’ang,Shuanghe,Shuanghe Zhen,Shuanghechang,shuang he,shuang he zhen,双河,双河镇",P,PPLA4,CN,49411,,Asia/Shanghai,"29.32074,105.56942"
1795139,Chujiang,Chujiang,"Chujiang,Chujiang Zhen,Shih-men,Shih-men-hsien,Shimen,Shimen Xian,chu jiang,chu jiang zhen,shi men,shi men xian,楚江,楚江镇,石门,石门县",P,PPLA3,CN,0,,Asia/Shanghai,"29.5771,111.363"
1795661,Shengrenjian,Shengrenjian,"Chiu-p'ing-lu,Chiu-p’ing-lu,Jiupinglu,P'ing-lu-hsien,Pinglu,Pinglu Xian,Pinlu,P’ing-lu-hsien,Sheng-jen-chien,Sheng-jen-chien-chen,Sheng-jen-chien-ts'un,Sheng-jen-chien-ts’un,Shengrenjian,Shengrenjian Zhen,ping lu xian,sheng ren jian,sheng ren jian zhen,圣仁涧,圣仁涧镇,平陆县",P,PPLA3,CN,0,,Asia/Shanghai,"34.84422,111.19131"
1796506,Sanzhuang,Sanzhuang,"San-chuang,Sanzhuang",P,PPL,CN,52214,,Asia/Shanghai,"35.50333,119.17167"
1797559,Dingchang,Dingchang,"Ch'in-hsien,Ch’in-hsien,Dingchang,Dingchang Zhen,Qin Xian,Qinxian,ding chang,ding chang zhen,qin xian,定昌,定昌镇,沁县",P,PPLA3,CN,0,,Asia/Shanghai,"36.76306,112.68722"
1798095,Qibu,Qibu,"Ch'i-pu,Ch’i-pu,Qibu",P,PPL,CN,3110,,Asia/Shanghai,"26.5075,119.545"
1798636,Gutao,Gutao,"Gutao,Gutao Zhen,P'ing-yao-hsien,Pin'yao,Pingyao,Pingyao County,Pingyao Xian,Pinujao,Pin’yao,P’ing-yao-hsien,Xian de Pingyao,gu tao,gu tao zhen,ping yao xian,Пинъяо,古陶,古陶镇,平遥县,平遥県",P,PPLA3,CN,42000,,Asia/Shanghai,"37.2025,112.17806"
1798739,Tiandong,Tiandong,"P'ing-ma-chen,Pingma,P’ing-ma-chen,T'ien-tung,Tiandong,T’ien-tung,ping ma,tian dong,平马,田东",P,PPLA3,CN,0,,Asia/Shanghai,"23.59985,107.12255"
1798827,Pingdingshan,Pingdingshan,"Bing-ding-sang,Binh GJinh Son,Bìng-dīng-săng,Bình Đỉnh Sơn,Chu-ko-chen,Chu-ko-miao,P'ing-ting-shan,P'ing-ting-shan-shih,Pching-ting-san,Pching-ting-šan,Peng-teng-san-chhi,Pindinshan,Pindinshan',Pindinshan’,Pingdingsano,Pingdingshan,Pingdingsjan,Pingdingŝano,Pêng-téng-san-chhī,P’ing-ting-shan,P’ing-ting-shan-shih,Tekshi choqqiliq tagh shehiri,ping ding shan,ping ding shan shi,pingdingsan si,pyngdyngshan,Пингдингшан,Пиндиншан,Пиндиншань,پنگڈنگشان,پینگدینگشان,平頂山,平頂山市,平顶山,平顶山市,핑딩산 시",P,PPL,CN,979130,,Asia/Shanghai,"33.73847,113.30119"
1799389,Ning’er,Ning'er,"Ning'er,Ning-erh,Ning-erh-chen,Ning-erh-hsien,Ning’er,P'u-erh,Pu'er,Pu-erh-pu,Puerhfu,Pu’er,P’u-erh,ning er,宁洱",P,PPLA3,CN,0,,Asia/Shanghai,"23.04053,101.03683"
1799852,Nanpi,Nanpi,"Nan-p'i-ch'eng-kuan,Nan-p'i-hsien,Nan-p’i-ch’eng-kuan,Nan-p’i-hsien,Nanpi,nan pi,南皮",P,PPLA3,CN,0,,Asia/Shanghai,"38.03333,116.7"
1799929,Nanle Chengguanzhen,Nanle Chengguanzhen,"Nan'yue,Nan-lo,Nan-lo-hsien,Nanle,Nanle Chengguanzhen,Nan’yue,nan le cheng guan zhen,南乐城关镇",P,PPLA3,CN,0,,Asia/Shanghai,"36.07616,115.19905"
1800162,Nanchangshan,Nanchangshan,"Ch'ang-tao,Changdao,Changdao Xian,Ch’ang-tao,Nanchangshan,Sihou,Ssu-hou-ts'un,Ssu-hou-ts’un,nan zhang shan,zhang dao xian,南长山,长岛县",P,PPLA3,CN,0,,Asia/Shanghai,"37.91522,120.73247"
1801166,Maoping,Maoping,"Maoping,mao ping,茅坪",P,PPLA3,CN,0,,Asia/Shanghai,"30.82972,110.97778"
1801243,Maocun,Maocun,"Mao-ts'un,Mao-ts'un-chen,Mao-ts’un,Mao-ts’un-chen,Maocun,Maotsuntsi",P,PPL,CN,57649,,Asia/Shanghai,"34.37667,117.25056"
1801615,Maba,Maba,"Ch'u-chiang,Ch’ü-chiang,Ma-pa,Ma-pa-hsu,Ma-pa-hsü,Maba,Qujiang,ma ba,马坝",P,PPLA3,CN,113609,,Asia/Shanghai,"24.68413,113.59839"
1802717,Lizi,Lizi,"Lizi,Lizi Xiang,li zi,li zi xiang,栗子,栗子乡",P,PPLA4,CN,7942,,Asia/Shanghai,"29.81127,107.92447"
1803944,Liangyaping,Liangyaping,,P,PPL,CN,1240,,Asia/Shanghai,"27.71833,110.67083"
1805639,Jingjiang,Jingjiang,"Ching-ch'eng-chen,Ching-chiang,Ching-chiang-hsien,Ching-ch’eng-chen,Jingcheng,Jingcheng Zhen,Jingjiang,jing cheng,jing cheng zhen,jing jiang,靖城,靖城镇,靖江",P,PPLA3,CN,0,,Asia/Shanghai,"32.01417,120.2625"
1805688,Zhangping,Zhangping,"Chang-p'ing,Chang-p'ing-hsien,Chang-p'ing-hsien-ch'eng,Chang-p’ing,Chang-p’ing-hsien,Chang-p’ing-hsien-ch’eng,Jingcheng,Qingcheng Jiedao,Zhangping,Zhangping Shi,qing cheng jie dao,zhang ping,zhang ping shi,漳平,漳平市,青城街道",P,PPLA3,CN,0,,Asia/Shanghai,"25.29513,117.41464"
1805704,Jing’an,Jing'an,"Ching-an,Doumen,Jing'an,Jing'an Zhen,Jing’an,Jing’an Zhen,Tou-men,Tou-men-hsu,Tou-men-hsü,Tou-men-t'u-ch'eng,Tou-men-t’u-ch’eng,Towmoon,jing an,jing an zhen,井岸,井岸镇",P,PPLA3,CN,0,,Asia/Shanghai,"22.21072,113.29218"
1805733,Jinchang,Jinchang,"Baijiazui,Czin'chan,Ging-chiong,Gĭng-chiŏng,JIC,Jinchang,Jinchang Shi,Jinchuan,Jinchuanzhen,Kim Xuong,Kim Xương,Kim-chhiong-chhi,Kim-chhiong-chhī,Tin-cchang,jin chang,jin chang shi,jinchang si,jnchang,Ťin-čchang,Цзиньчан,Ցզինչան,جنچانگ,金昌,金昌市,진창 시",P,PPLA2,CN,228561,,Asia/Shanghai,"38.50062,102.19379"
1805759,Jiming,Jiming,"Chi-ming-hsun,Chi-ming-hsün,Chi-ming-ssu,Jiming,Jimingsi,ji ming,鸡鸣",P,PPLA4,CN,3701,,Asia/Shanghai,"31.71335,108.59846"
1805833,Jiexiu,Jiexiu,"Chieh-hsien,Chieh-hsiu,Chieh-hsiu-hsien,Czesju,Gioi Huu,Giới Hưu,Jiexiu,Jiexiu Shi,Kiehsiu,Kiehsuihsien,jesyu si,jie xiu,jie xiu shi,jyyshyw,Цзесю,جیئشیو,介休,介休市,제슈 시",P,PPL,CN,77178,,Asia/Shanghai,"37.02444,111.9125"
1805962,Jiawang,Jiawang,"Chia-chia-wang,Chia-wang,Jiawang,Kuwang",P,PPLA3,CN,133861,,Asia/Shanghai,"34.43278,117.44194"
1806651,Huoqiu Chengguanzhen,Huoqiu Chengguanzhen,"Ho-ch'iu,Ho-ch'iu-hsien,Ho-ch’iu,Ho-ch’iu-hsien,Huo-ch'iu,Huo-ch’iu,Huoqiu,Huoqiu Chengguanzhen,Hwokiu,Hwokiu-hsien,huo qiu cheng guan zhen,霍邱城关镇",P,PPLA3,CN,61904,,Asia/Shanghai,"32.35473,116.2939"
1807137,Huangyangtan,Huangyangtan,,P,PPL,CN,3984,,Asia/Shanghai,"38.25,105.98333"
1808212,Hechuan,Hechuan,"Hechuan,Heyang,Ho-ch'uan,Ho-ch'uan-hsien,Ho-ch'uan-shih,Ho-chou,Ho-ch’uan,Ho-ch’uan-hsien,Ho-ch’uan-shih,Hochow,Hochwan,Hochwan-hsien,he chuan,合川",P,PPL,CN,377213,,Asia/Shanghai,"29.99228,106.26461"
1808755,Hechuan,Hechuan,"Hechuan,Yongxin,Yongxin Xian,Yun-sin,Yung-hsin,Yung-hsin-hsien,Yungsin-hsien,he chuan,yong xin xian,永新县,禾川",P,PPLA3,CN,0,,Asia/Shanghai,"26.93613,114.22778"
1808863,Hanyin Chengguanzhen,Hanyin Chengguanzhen,"Han-yang,Han-yin-hsien,Han-yin-hsien-ch'eng,Han-yin-hsien-ch’eng,Hanyin,Hanyin Chengguanzhen,Hanyin Xian,Hanyintang,han yin cheng guan zhen,han yin xian,汉阴县,汉阴城关镇",P,PPLA3,CN,66926,,Asia/Shanghai,"32.89139,108.50472"
1808908,Hanjiang,Hanjiang,"Han-chiang,Hanjiang,Hankong,Sanchiangkou,Sankongkow,han jiang,涵江",P,PPLA3,CN,0,,Asia/Shanghai,"25.47047,119.10348"
1809100,Haicheng,Haicheng,"Hai-ch'eng-chen,Hai-ch’eng-chen,Hai-feng-hsien,Haicheng,Haifeng,Hoifung,Hoifung-hsien,hai cheng,海城",P,PPLA3,CN,0,,Asia/Shanghai,"22.97533,115.33179"
1809963,Guandu,Guandu,"Guandu,Guandu Zhen,Kuan-tu,guan du,guan du zhen,官渡,官渡镇",P,PPLA4,CN,24913,,Asia/Shanghai,"30.08101,106.42897"
1810240,Gejiu,Gejiu,"Gejiu,Ko-chiu,Ko-chiu-hsien,Ko-chiu-shih,Kokiu,Kokiu-hsien,Kokiuchang,Ku-chiu,ge jiu shi,xi cheng,个旧市,锡城",P,PPLA3,CN,136135,,Asia/Shanghai,"23.36085,103.15372"
1810920,Qingyang,Qingyang,"Fu-shan-hsien,Fushan,Fushan Qu,Qingyang,Qingyang Jiedao,fu shan,fu shan qu,qing yang,qing yang jie dao,清洋,清洋街道,福山,福山区",P,PPLA3,CN,65622,,Asia/Shanghai,"37.49583,121.25806"
1811276,Fengming,Fengming,"Ch'i-shan,Ch'i-shan-hsien,Ch'i-shan-hsien-ch'eng,Ch’i-shan,Ch’i-shan-hsien,Ch’i-shan-hsien-ch’eng,Fengming,Fengming Zhen,Qishan,Tsishan',Tsishan’,feng ming,feng ming zhen,qi shan,岐山,风鸣,风鸣镇",P,PPLA3,CN,0,,Asia/Shanghai,"34.44139,107.61778"
1811416,Lianjiang,Lianjiang,"Fengcheng,Lianjiang,Lien-chiang,Lien-chiang-hsien,Lien-chiang-hsien-ch'eng,Lien-chiang-hsien-ch’eng,Lienkang,Lienkong,Lienkong-hsien,feng cheng,lian jiang,凤城,连江",P,PPLA3,CN,0,,Asia/Shanghai,"26.20113,119.53492"
1811737,Eman,Eman,"Eman,Eman Zhen,e man,e man zhen,峨蔓,峨蔓镇",P,PPLA4,CN,17317,,Asia/Shanghai,"19.85723,109.26271"
1813016,Songyang,Songyang,"Dengfeng,Songyang,Teng-feng,Teng-feng-hsien,song yang,嵩阳",P,PPLA3,CN,62375,,Asia/Shanghai,"34.45528,113.02806"
1813032,Degan,Degan,"Degan,Degan Jiedao,Deganba,Te-kan-pa,de gan,de gan jie dao,德感,德感街道",P,PPLA4,CN,83950,,Asia/Shanghai,"29.27846,106.23157"
1813344,Dawukou,Dawukou,"Dawukou,Shih-tsui-shan,Shizuishan,Ta-wei-k'ou,Ta-wei-k’ou,Ta-wu-k'ou,Ta-wu-k’ou",P,PPL,CN,131880,,Asia/Shanghai,"39.04194,106.39583"
1813775,Daokou,Daokou,"Daokou,Hua-hsien,Huaxian,Tao-k'ou,Tao-k'ou-chen,Tao-k’ou,Tao-k’ou-chen,Taokow,dao kou,道口",P,PPLA3,CN,56637,,Asia/Shanghai,"35.56389,114.50583"
1814213,Shangguan,Shangguan,"Dai Xian,Daixian,Daysyan',Daysyan’,Shangguan,Shangguan Zhen,Tai,Tai-ch'eng,Tai-ch’eng,Tai-hsien,Tai-hsien-ch'eng,Tai-hsien-ch’eng,Taichow,dai xian,shang guan,shang guan zhen,上馆,上馆镇,代县",P,PPLA3,CN,0,,Asia/Shanghai,"39.06901,112.92913"
1814545,Dachang,Dachang,"Dachang,Dachang Zhen,Ta-ch'ang,Ta-ch'ang-chen,Ta-ch’ang,Ta-ch’ang-chen,da chang,da chang zhen,大昌,大昌镇",P,PPLA4,CN,36217,,Asia/Shanghai,"31.26861,109.8021"
1815249,Chengjiang,Chengjiang,"Ch'eng-chiang-chen,Chengjiang,Chengjiang Zhen,Ch’eng-chiang-chen,cheng jiang,cheng jiang zhen,澄江,澄江镇",P,PPLA4,CN,28056,,Asia/Shanghai,"29.87194,106.38467"
1815611,Changning,Changning,"Changning,zhang ning,长宁",P,PPLA3,CN,0,,Asia/Shanghai,"31.21739,121.42105"
1815820,Chaling Chengguanzhen,Chaling Chengguanzhen,"Ch'a-ling-hsien,Ch'a-ling-hsien-ch'eng,Ch'o-ling,Cha-ling-chow,Chaling Chengguanzhen,Ch’a-ling-hsien,Ch’a-ling-hsien-ch’eng,Ch’o-ling,Tscha-ling,cha ling cheng guan zhen,茶陵城关镇",P,PPLA3,CN,0,,Asia/Shanghai,"26.79097,113.53975"
1816440,Bengbu,Bengbu,"BFU,Bang Phu,Bangbu,Behnbu,Benbu,Bengbu,Bunbu,Bạng Phụ,Pang-fou,Pang-fou-shih,Pang-po-chhi,Pang-pu,Paung-buo,Peng-pu,Pâung-buô,Pāng-pō-chhī,bang bu,bang bu shi,beongbu si,bngbw,byngbw,bېngbۇ shەھەry,Бенгбу,Бънбу,Бэнбу,Բենբու,بنگبو,بینگبو,بېڭبۇ شەھەرى,蚌埠,蚌埠市,벙부 시",P,PPL,CN,972784,,Asia/Shanghai,"32.94083,117.36083"
1816890,Baoying,Baoying,"Baoying,Pao-ying,Pao-ying-ch'eng,Pao-ying-ch’eng,Pao-ying-hsien",P,PPL,CN,80292,,Asia/Shanghai,"33.22917,119.30917"
1816920,Shaoyang,Shaoyang,"Baoqing,Chau-yong-su,Chàu-yòng-sṳ,Pao-ch'ing,Pao-ch'ing-hsien-ch'eng,Pao-ch’ing,Pao-ch’ing-hsien-ch’eng,Pao-king-fu,Paoking,Paoking-hsien,SYG,Sao-jang,Saojan,Shao-yang-ch'eng,Shao-yang-ch’eng,Shao-yang-hsien,Shao-yang-shih,Shaojan,Shaojang,Shaoyang,Siau-iong-chhi,Sieu-iong,Siêu-iòng,Siāu-iông-chhī,Sjaoyang,Thieu Duong,Thiệu Dương,WGN,saoyang si,shao yang,shao yang shi,shawyang,Ŝaojan,Šao-jang,Шаоян,Шаојанг,شاویانگ,邵阳市,邵陽,邵陽市,사오양 시",P,PPLA2,CN,753194,,Asia/Shanghai,"27.23818,111.46214"
1817648,Baijian,Baijian,Baijian,P,PPL,CN,1510,,Asia/Shanghai,"39.99417,117.20861"
1817762,Baichihe,Baichihe,"Baichihe,Pai-ch'ih-ho,Pai-ch’ih-ho",P,PPL,CN,42913,,Asia/Shanghai,"36.11556,119.53333"
1885823,Jiangyou,Jiangyou,,P,PPL,CN,127225,,Asia/Shanghai,"31.76667,104.71667"
1898494,Songling,Songling,"Songling,Songlingzhen,Sunlin,Wu-chiang,Wukiang,song ling,Сунлин,松陵",P,PPLA3,CN,77566,,Asia/Shanghai,"31.1933,120.71758"
1904188,Ji’an,Ji'an,"Ji'an,Ji'an Zhen,Ji’an,Ji’an Zhen,ji an,ji an zhen,吉安,吉安镇",P,PPLA4,CN,20978,,Asia/Shanghai,"29.15897,105.74703"
1907969,Guochuan,Guochuan,"Guochuan,guo chuan,郭川",P,PPLA4,CN,15276,,Asia/Shanghai,"34.6838,105.81"
1914240,Xiaba,Xiaba,"Xiaba,Xiaba Zhen,xia ba,xia ba zhen,夏坝,夏坝镇",P,PPLA4,CN,17486,,Asia/Shanghai,"29.11684,106.51006"
1914250,Shilong,Shilong,"Shilong,Shilong Zhen,shi long,shi long zhen,石龙,石龙镇",P,PPLA4,CN,20431,,Asia/Shanghai,"29.28222,106.89806"
1914932,Mutang,Mutang,"Mutang,Mutang Zhen,mu tang,mu tang zhen,木棠,木棠镇",P,PPLA4,CN,40373,,Asia/Shanghai,"19.80755,109.34539"
1927489,Heshan,Heshan,"Heshan,Heshan Qu,he shan,he shan qu,赫山,赫山区",P,PPLA3,CN,0,,Asia/Shanghai,"28.5825,112.35028"
1941535,Kutao,Kutao,"Kutao,ku tao,枯桃",P,PPL,CN,2770,,Asia/Shanghai,"36.145,120.48778"
1941847,Jitoucun,Jitoucun,"Jitou,Jitoucun,ji tou,ji tou cun,迹头,迹头村",P,PPL,CN,1700,,Asia/Shanghai,"26.47681,119.60517"
2033196,Zhangjiakou,Zhangjiakou,"Cang-tia-kchou,Chang-chia-k'ou,Chang-chia-k'ou-shih,Chang-chia-k’ou,Chang-chia-k’ou-shih,Chang-kia-k'ou,Chang-kia-k’ou,Changchiakow,Changkiakow,Chzhanczjakou,Chzhantseyakou,Diong-ga-kau,Diŏng-gă-kāu,Dzhandzjakou,Ganjakou,Kalgan,Khaalgan,Tiuⁿ-ka-kháu-chhī,Truong Gia Khau,Trương Gia Khẩu,Wan-ch'uan,Wan-ch'uan-hsien,Wan-ch’üan,Wan-ch’üan-hsien,ZQZ,Zhangjiakou,jangjakeou si,jangjyakw,zhang jia kou,zhang jia kou shi,zhangjyakww,Čang-ťia-kchou,Ĝanjakou,Џангђакоу,Джандзякоу,Хаалган,Чжанцзякоу,جانگجیاکو,ژانگجیاکوو,张家口,张家口市,張家口,張家口市,장자커우 시",P,PPLA2,CN,692602,,Asia/Shanghai,"40.78341,114.87139"
2033759,Xinghe Chengguanzhen,Xinghe Chengguanzhen,"Erh-tao-ho,Hingho,Hingho-hsien,Hsing-ho,Hsing-ho-hsien,Xinghe,Xinghe Chengguanzhen,Xinghe Xian,xing he,xing he cheng guan zhen,xing he xian,兴和,兴和县,兴和城关镇",P,PPLA3,CN,0,,Asia/Shanghai,"40.87556,113.88389"
2034657,Suifenhe,Suifenhe,"FUD,HSF,Pogranichinaya,Pogranichnaya,Sui-fen-ho,Sui-fen-ho-shih,Suifenhe,Suífēnhé,sui fen he,綏芬河,绥芬河",P,PPL,CN,15183,,Asia/Shanghai,"44.39982,131.14775"
2034691,Songjianghe,Songjianghe,"Songjianghe,Songjianghe Zhen,Sung-chiang-ho,song jiang he,song jiang he zhen,松江河,松江河镇",P,PPLA4,CN,67672,,Asia/Shanghai,"42.1859,127.47895"
2035453,Pingzhuang,Pingzhuang,"P'ing-chuang,Pingzhuang,Pingzhuang Zhen,P’ing-chuang,Yuanbaoshan Qu,ping zhuang,ping zhuang zhen,yuan bao shan qu,元宝山区,平庄,平庄镇",P,PPLA3,CN,67273,,Asia/Shanghai,"42.03722,119.28889"
2036069,Linjiang,Linjiang,"Lin'czjane,Lin-chiang,Lin-chiang-hsien,Linjiang,Mao-erh-shan,Mao-tzu-shan,Maoerhshanchan,lin jiang,Линьцзяне,临江",P,PPLA3,CN,69149,,Asia/Shanghai,"41.80694,126.90778"
2036113,Liaoyang,Liaoyang,"LQQ,Liao-jang,Liao-yang-hsien,Liao-yang-shih,Liaojangas,Liaoyang,Liau-iong-chhi,Lieu Duong,Lieu-iong,Liâu-iông-chhī,Lièu-iòng,Liêu Dương,Ljaojan,Ljaojang,liao yang,liao yang shi,lyaoyang si,lyawyang,Љаојанг,Ляоян,لياۋياڭ شەھەر,لیاویانگ,辽阳市,遼陽,遼陽市,랴오양 시",P,PPL,CN,687890,,Asia/Shanghai,"41.27194,123.17306"
2036427,Jinzhou,Jinzhou,"Cam Chau,Chien-hsien,Chin,Chin-chou,Chin-chou-shih,Chin-hsien,Chinchow,Czin'chzhou,Cẩm Châu,Dzindzou,Dzindžou,Ging-ciu,Gjingou,Gīng-ciŭ,JNZ,Jintsjou,Jinzhou,Kim-chiu-chhi,Kinchou,Kintschou,Kím-chiu-chhī,Tin-cou,dzinjou,jin zhou,jin zhou shi,jinjeou si,jnzhww,jynjw,Ĝjinĝou,Ťin-čou,Ђинџоу,Цзиньчжоу,Цзіньчжоу,جنژوو,جینجو,ძინჯოუ,錦州,錦州市,锦州市,진저우 시",P,PPL,CN,604269,,Asia/Shanghai,"41.10778,121.14167"
2036463,Jingyu,Jingyu,"Ching-yu,Ching-yu-chen,Ching-yü,Ching-yü-chen,Jingyu,Meng-chiang,Meng-chiang-hsien,Mengkiang,Ta-tien-tzu,jing yu,靖宇",P,PPLA3,CN,0,,Asia/Shanghai,"42.38734,126.80969"
2036734,Huangnihe,Huangnihe,"Huang-ni-ho,Huang-ni-ho-tzu,Huangnihe",P,PPL,CN,54959,,Asia/Shanghai,"43.55833,128.02389"
2036973,Heihe,Heihe,"Ai-hun,Ai-hun-hsien,Aigun,Aihui,Chej-che,HEK,Hac Ha,Haik-o,Hei-ho,Hei-ho-chen,Hei-ho-t'un,Hei-ho-t’un,Heihe,Heihe Shi,Hek-ho-chhi,Hek-hô-chhī,Háik-ò̤,Hắc Hà,Khehjkheh,Sa-ha-liang,Sachaljan,Sakhalyan,Ta-hei-ho,hayhy,hei he,hei he shi,heiheo si,Хэйхэ,هایهی,ہئیہے,黑河,黑河市,黒河,黒河市,헤이허 시",P,PPL,CN,109427,,Asia/Shanghai,"50.24413,127.49016"
2037375,Fujin,Fujin,"Fu-chin,Fu-chin-chen,Fu-chin-hsien,Fu-k'o-chin,Fu-k’o-chin,Fuczin',Fujin,Fukin,fu jin,Фуцзинь,富锦",P,PPLA3,CN,89442,,Asia/Shanghai,"47.24723,132.02957"
2037685,Didao,Didao,"Didao,Didao Qu,Dongxing,Ti-tao,di dao,di dao qu,dong xing,东兴,滴道,滴道区",P,PPLA3,CN,109561,,Asia/Shanghai,"45.34725,130.83693"
2038199,Huai’an,Huai'an,"Ch'ai-kou-p'u,Ch'ai-kou-pao,Chaigoubu,Ch’ai-kou-pao,Ch’ai-kou-p’u,Huai'an,Huai’an,chai gou bao,huai an,怀安,柴沟堡",P,PPLA3,CN,0,,Asia/Shanghai,"40.67978,114.37705"
2047837,Songling,Songling,"Songling,Sung-ling,song ling,松岭",P,PPL,CN,52277,,Asia/Shanghai,"40.29303,118.26908"
6599420,Hanbin,Hanbin,"Ankang Shi,Hanbin,Hanbin Qu,an kang shi,han bin,han bin qu,安康市,汉滨,汉滨区",P,PPLA2,CN,0,,Asia/Shanghai,"32.88972,108.90444"
6685849,Yongyang,Yongyang,"Yongyang,yong yang,永阳",P,PPLA3,CN,0,,Asia/Shanghai,"31.65811,119.02772"
7027026,Yongchang,Yongchang,"Beichuan Xian,Yongchang,yong chang,永昌",P,PPLA3,CN,0,,Asia/Shanghai,"31.66574,104.43726"
7326411,Zhongba,Zhongba,"Zhongba,zhong ba,中坝",P,PPLA4,CN,16160,,Asia/Shanghai,"34.03511,105.03286"
7330016,Sanyu,Sanyu,"Sanyu,san yu,三峪",P,PPLA4,CN,5593,,Asia/Shanghai,"33.69928,105.02014"
3199076,Ivanec,Ivanec,"Ivanci,Ivanec,Ivanec',Ivanecz,aywants,yi wan nei ci,Іванець,Иванец,ئیڤانێتس,ایوانتس,伊萬內茨",P,PPLA2,HR,5461,,Europe/Zagreb,"46.22306,16.12"
3199474,Gundinci,Gundinci,Gundinci,P,PPLA2,HR,2305,,Europe/Zagreb,"45.15833,18.49139"
3200153,Gornja Vrba,Gornja Vrba,"Gornja Vrba,Vrba Gornja",P,PPLA2,HR,0,,Europe/Zagreb,"45.15528,18.06556"
3200961,Đurđevac,GJurgevac,"Djurdjevac,Djurdjevec,Durdevac,Gjurgjevac,Gyurgyevecz,Sanct-Georgen,Sankt-Georgen,Szentgyorgy,Szentgyörgy,https://en.wikipedia.org/wiki/%C4%90ur%C4%91evac,Ðurđevac",P,PPL,HR,6349,,Europe/Zagreb,"46.04111,17.06972"
3201160,Drnje,Drnje,Drnje,P,PPLA2,HR,1146,,Europe/Zagreb,"46.20694,16.91694"
3202942,Buzet,Buzet,"Buzet,Pinguente,Piquentum,bu ze te,buzeto,bwzt,Бузет,Բուզետ,بوزت,بوزێت,ブゼト,布澤特",P,PPLA2,HR,6059,,Europe/Zagreb,"45.40944,13.96667"
3204817,Andrijaševci,Andrijasevci,"Andriaschevce,Andriassewcze,Andrijasevci,Andrijaševci",P,PPLA2,HR,2176,,Europe/Zagreb,"45.22472,18.73806"
3281054,Kamen,Kamen,Kamen,P,PPL,HR,1769,,Europe/Zagreb,"43.51417,16.51472"
11071349,Valbandon,Valbandon,,P,PPL,HR,1626,0,Europe/Zagreb,"44.91879,13.81344"
3716619,Tiburon,Tiburon,Tiburon,P,PPL,HT,3054,,America/Port-au-Prince,"18.32589,-74.39598"
3719008,Petite Anse,Petite Anse,Petite Anse,P,PPL,HT,1539,,America/Port-au-Prince,"19.63011,-73.15499"
3719436,Ouanaminthe,Ouanaminthe,"Juana Mendez,Ouanaminthe,Quanamenthe,Wanament",P,PPL,HT,10118,,America/Port-au-Prince,"19.54934,-71.72475"
3720824,Miragoâne,Miragoane,,P,PPLA,HT,89202,,America/Port-au-Prince,"18.44599,-73.08957"
3728428,Caracol,Caracol,"Caracol,Karakol,Karakòl",P,PPL,HT,1549,,America/Port-au-Prince,"19.69274,-72.01733"
714692,Tiszavasvári,Tiszavasvari,"Tiszavasvari,Tiszavasvári",P,PPLA2,HU,13631,,Europe/Budapest,"47.96667,21.35"
715126,Szolnok,Szolnok,"Sol'nak,Sol'nok,Solnoca,Solnok,Solnokas,Szolnok,shwlnwk,slnwk,solnokeu,sorunoku,suo er nuo ke,swlnwq,Солнок,Сольнак,Сольнок,סולנוק,سلنوک,شولنوک,სოლნოკი,ソルノク,索尔诺克,솔노크",P,PPLA,HU,71285,,Europe/Budapest,"47.18333,20.2"
716793,Ópályi,Opalyi,"Opalyi,Ópályi",P,PPL,HU,3035,,Europe/Budapest,"47.99771,22.32617"
717805,Maroslele,Maroslele,"Maroslele,Maroslelle,Puspoklele,Püspöklele",P,PPL,HU,2157,,Europe/Budapest,"46.26667,20.35"
718516,Köröstarcsa,Korostarcsa,"Korostarcsa,Köröstarcsa",P,PPL,HU,2786,,Europe/Budapest,"46.88333,21.03333"
720364,Gyomaendrőd,Gyomaendrod,"Endrod,Endrőd,Gyoma,Gyomaendrod,Gyomaendrőd",P,PPLA2,HU,15194,,Europe/Budapest,"46.93333,20.83333"
720679,Füzesgyarmat,Fuzesgyarmat,"Fuzesgyarmat,Füzesgyarmat",P,PPL,HU,6426,,Europe/Budapest,"47.1,21.21667"
720776,Földes,Foldes,"Foldes,Földes",P,PPL,HU,4345,,Europe/Budapest,"47.3,21.36667"
720862,Felsőtárkány,Felsotarkany,"Felsotarkany,Felsőtárkány",P,PPL,HU,3223,,Europe/Budapest,"47.96667,20.41667"
721338,Döge,Doge,"Doge,Döge,de gai,dgh,דגה,德盖",P,PPL,HU,2181,,Europe/Budapest,"48.26246,22.06339"
721349,Doboz,Doboz,"Doboz,Добоз",P,PPL,HU,4466,,Europe/Budapest,"46.73333,21.25"
722803,Arló,Arlo,"Arlo,Arló",P,PPL,HU,4129,,Europe/Budapest,"48.18333,20.26667"
3043033,Vasvár,Vasvar,"Eisenburg,Kismakfa,Kismákfa,Nagymakfa,Nagymákfa",P,PPL,HU,4613,,Europe/Budapest,"47.04928,16.79954"
3044181,Taksony,Taksony,"Taks,Taksony",P,PPL,HU,6129,,Europe/Budapest,"47.32968,19.06695"
3044227,Szurdokpüspöki,Szurdokpuspoki,"Szurdokpuspoki,Szurdokpüspöki",P,PPL,HU,1947,,Europe/Budapest,"47.85923,19.69218"
3045332,Siófok,Siofok,"Balatonkiliti,Balatonujhely,Balatonújhely,Shiofok,Siofok,Siofokas,Siófok,shiofoku,shywfk,siopokeu,sywpwq,xi ou fu ke,Šiofok,Šiofokas,Шиофок,Шіофок,שיופוק,شیوفک,シオーフォク,希歐福克,시오포크",P,PPLA2,HU,23028,,Europe/Budapest,"46.90413,18.058"
3045406,Sellye,Sellye,Sellye,P,PPLA2,HU,3184,,Europe/Budapest,"45.87247,17.84711"
3046026,Ráckeve,Rackeve,"Rackeve,Ráckeve",P,PPLA2,HU,9229,,Europe/Budapest,"47.16095,18.94478"
3048194,Mélykút,Melykut,"Melykut,Mélykút",P,PPL,HU,5766,,Europe/Budapest,"46.21509,19.38102"
3048250,Mecseknádasd,Mecseknadasd,"Nadasch,Nados,Nadoš,Puspoknadasd,Püspöknádasd,mai qie ke na dao shen de,迈切克纳道什德",P,PPL,HU,1660,,Europe/Budapest,"46.22468,18.47076"
3050459,Kazár,Kazar,"Kazar,Kazár",P,PPL,HU,2080,,Europe/Budapest,"48.04952,19.86143"
3053768,Decs,Decs,Decs,P,PPL,HU,4210,,Europe/Budapest,"46.28428,18.76"
3053863,Csurgó,Csurgo,"Csurgo,Csurgó,Curgo,Curgov,Curguj,Čurgo,Čurgov,Čurguj",P,PPLA2,HU,5682,,Europe/Budapest,"46.25314,17.1006"
3054533,Celldömölk,Celldomolk,"Celldoemoelk,Celldomolk,Celldömölk,Czelldomolk,Czelldömölk,Izsakfa,Izsákfa,Kiscell",P,PPLA2,HU,11421,,Europe/Budapest,"47.25713,17.15027"
3055757,Bácsbokod,Bacsbokod,"Bacsbokod,Bácsbokod,Wikitsch",P,PPL,HU,3077,,Europe/Budapest,"46.125,19.15621"
3056326,Albertirsa,Albertirsa,"Alberti,Albertirsa,Albertirscha,Irsa",P,PPL,HU,11864,,Europe/Budapest,"47.24315,19.61686"
7284830,Budapest XIII. kerület,Budapest XIII. keruelet,,P,PPLX,HU,113531,,Europe/Budapest,"47.52978,19.08068"
7284833,Budapest XVI. kerület,Budapest XVI. keruelet,,P,PPLX,HU,68484,,Europe/Budapest,"47.51482,19.17028"
7284912,Kerepes,Kerepes,,P,PPL,HU,9960,,Europe/Budapest,"47.56008,19.28289"
1213612,Susoh,Susoh,"Soesoh,Suso,Susoh,Susu",P,PPLA3,ID,0,,Asia/Jakarta,"3.72394,96.82159"
1213821,Sigli,Sigli,Sigli,P,PPLA2,ID,17504,,Asia/Jakarta,"5.3848,95.9609"
1213847,Sibuhuan,Sibuhuan,"Siboehoean,Sibubuhan,Sibuhuan",P,PPLA2,ID,0,,Asia/Jakarta,"1.05387,99.73018"
1214073,Rantauprapat,Rantauprapat,Rantauprapat,P,PPL,ID,103009,,Asia/Jakarta,"2.1,99.83333"
1214466,Mogang,Mogang,Mogang,P,PPLA3,ID,0,,Asia/Jakarta,"2.4697,98.8043"
1214488,Meulaboh,Meulaboh,"MEQ,Melabokha,Meulaboh,Molabo,Mölabo,Мелабоха",P,PPLA2,ID,35062,,Asia/Jakarta,"4.14402,96.12664"
1214646,Limapuluh,Limapuluh,"Limapoeloeh,Limapuluh",P,PPLA2,ID,0,,Asia/Jakarta,"3.1689,99.4175"
1215395,Berastagi,Berastagi,"Berastagi,Берастаги",P,PPL,ID,48244,,Asia/Jakarta,"3.19468,98.50889"
1621337,Wotu,Wotu,"Wotoe,Wotu",P,PPLA3,ID,0,,Asia/Makassar,"-2.5906,120.804"
1621613,Weru,Weru,Weru,P,PPL,ID,139004,,Asia/Jakarta,"-6.711,108.5037"
3179480,Castel San Pietro Romano,Castel San Pietro Romano,"Castel San Pietro Romano,カステル・サン・ピエトロ・ロマーノ",P,PPLA3,IT,411,752,Europe/Rome,"41.84572,12.89489"
3179546,Castelnovo ne'Monti,Castelnovo ne'Monti,"Castelnovo ne Monti,Castelnovo ne' Monti,Castelnovo ne'Monti,Castelnovo né Monti,Castelnuovo ne' Monti",P,PPLA3,IT,10046,,Europe/Rome,"44.43556,10.40329"
3179626,Castelli,Castelli,"Casteddi,Castella,Castelli,Kasteli,Kastelli,ka si tai li,kaseutelli,kastly,kastyly,kasuterri,Кастели,Кастелли,Кастеллі,Կաստելի,كاستيلي,کاستلی,カステッリ,卡斯泰利,카스텔리",P,PPLA3,IT,271,497,Europe/Rome,"42.48476,13.71201"
3179692,Castelforte,Castelforte,"Castelforte,Castelforti,Castrum Forte,Kastel'forte,Kastelforte,ka si tai er fu er tai,kaseutelpoleute,kasuteruforute,Кастелфорте,Кастельфорте,Կաստելֆորտե,カステルフォルテ,卡斯泰尔福尔泰,카스텔포르테",P,PPLA3,IT,2676,134,Europe/Rome,"41.29392,13.83061"
3179703,Castel di Sangro,Castel di Sangro,Castel di Sangro,P,PPLA3,IT,5891,793,Europe/Rome,"41.78392,14.10653"
3179755,Castagnole delle Lanze,Castagnole delle Lanze,Castagnole,P,PPLA3,IT,2410,271,Europe/Rome,"44.74988,8.14966"
3179761,Castagneto Po,Castagneto Po,"Castagne,Castagneto Po,Castagné,カスタニェート・ポー",P,PPLA3,IT,944,473,Europe/Rome,"45.15854,7.88639"
3179894,Pieve al Toppo,Pieve al Toppo,,P,PPL,IT,1635,,Europe/Rome,"43.40761,11.79686"
3179912,Caselle Lurani,Caselle Lurani,"Caselle Lurani,カゼッレ・ルラーニ",P,PPLA3,IT,2326,80,Europe/Rome,"45.28044,9.36016"
3180167,Casalromano,Casalromano,Casalromano,P,PPLA3,IT,1054,42,Europe/Rome,"45.19808,10.3664"
3180175,Casalmorano,Casalmorano,"Casale Maurani,Casalmorano,Casalmorano vald,Casalmuran,Kazal'morano,Kazalmorano,ka sa er mo la nuo,kazarumorano,Казалморано,Казальморано,Կազալմորանո,カザルモラーノ,卡萨尔莫拉诺",P,PPLA3,IT,1610,67,Europe/Rome,"45.28766,9.8986"
3180577,Caravonica,Caravonica,"Caironega,Cairònega,Caravonica",P,PPLA3,IT,278,360,Europe/Rome,"43.99303,7.95805"
3180612,Caprino,Caprino,"Caprino,Caprino Bergamasco",P,PPLA3,IT,2305,315,Europe/Rome,"45.74903,9.49235"
3180861,Candiolo,Candiolo,"Candieul,Candiolo,kandioro,カンディオーロ",P,PPLA3,IT,5452,237,Europe/Rome,"44.95858,7.59812"
3180929,Camporgiano,Camporgiano,Camporgiano,P,PPLA3,IT,545,475,Europe/Rome,"44.15927,10.333"
3180940,Campomorone,Campomorone,"Campomon,Campomorone",P,PPLA3,IT,4669,118,Europe/Rome,"44.50954,8.88502"
3181250,Cala Gonone,Cala Gonone,"Cala Gonone,Cala di Gonone,Porto Gonone,Porto di Gonone",P,PPL,IT,1618,23,Europe/Rome,"40.28086,9.62971"
3181316,Cadè-Gaida,Cade-Gaida,,P,PPL,IT,2049,,Europe/Rome,"44.7385,10.5158"
3181360,Busso,Busso,Busso,P,PPLA3,IT,1066,756,Europe/Rome,"41.55413,14.56103"
3181415,Bultei,Bultei,Bultei,P,PPLA3,IT,1025,509,Europe/Rome,"40.4572,9.06367"
3181539,Bricherasio,Bricherasio,"Bricheras,Bricherasio,burikerajio,ブリケラージオ",P,PPLA3,IT,2694,375,Europe/Rome,"44.82328,7.303"
3181559,Brentonico,Brentonico,"Brentonico,burentoniko,ブレントーニコ",P,PPLA3,IT,1836,692,Europe/Rome,"45.8191,10.95508"
3181576,Brembilla,Brembilla,"Brembila,Brembilla,bu lun bi la,burenbirra,Брембилла,Брембілла,Բրեմբիլլա,ブレンビッラ,布伦比拉",P,PPLA3,IT,2228,425,Europe/Rome,"45.82154,9.59679"
3181577,Brembate,Brembate,Brembate,P,PPLA3,IT,6499,173,Europe/Rome,"45.60468,9.5548"
3181578,Breia,Breia,Breia,P,PPLA3,IT,76,809,Europe/Rome,"45.76497,8.30552"
3181745,Borgo Velino,Borgo Velino,Borgo Velino,P,PPLA3,IT,867,460,Europe/Rome,"42.40508,13.0565"
3181799,Borgofranco d'Ivrea,Borgofranco d'Ivrea,"Borghfranch,Borgofranco,Borgofranco d'Ivrea,ボルゴフランコ・ディヴレーア",P,PPLA3,IT,2918,253,Europe/Rome,"45.51636,7.85865"
3181822,Borgo Valsugana,Borgo Valsugana,Borgo Valsugana,P,PPLA3,IT,6587,380,Europe/Rome,"46.05119,11.45756"
3181856,Borello,Borello,,P,PPL,IT,1945,,Europe/Rome,"44.05846,12.17993"
3181928,Bologna,Bologna,"BLQ,Baljon'ja,Bologna,Bologne,Bolon'ja,Bolona,Bolonha,Bolonia,Bolonija,Bolonja,Bolonjo,Bolonya,Boloņa,Boloňa,Bononia,Bulaggna,Bulogna,Bulåggna,bo luo ni ya,bollonya,boronya,bwlwnya,bwlwnyh,Балёнья,Болонья,Болоня,Болоња,בולוניה,بولونيا,ボローニャ,博洛尼亚,볼로냐",P,PPLA,IT,394843,54,Europe/Rome,"44.49381,11.33875"
3182056,Biccari,Biccari,Biccari,P,PPLA3,IT,2443,450,Europe/Rome,"41.39736,15.19644"
3182296,Bassano in Teverina,Bassano in Teverina,Bassano in Teverina,P,PPLA3,IT,1025,304,Europe/Rome,"42.46444,12.30752"
3182605,Azzone,Azzone,Azzone,P,PPLA3,IT,264,973,Europe/Rome,"45.97903,10.11284"
3182633,Avigliano,Avigliano,"Avigliano,Avigliano Lucana",P,PPLA3,IT,5774,800,Europe/Rome,"40.73291,15.72004"
3182665,Ausonia,Ausonia,"Ausona Nova,Ausonia,Auzonia,Auzonija,ao suo ni ya,ausonia,auzonia,Аузония,Аузонија,Аузонія,Աուզոնիա,アウゾーニア,奥索尼亚,아우소니아",P,PPLA3,IT,932,178,Europe/Rome,"41.35808,13.74983"
694350,Sharhorod,Sharhorod,"Charhorod,Shargorod,srhwrwd,srygrwd,Шаргород,שרהורוד,שריגרוד",P,PPLA2,UA,7067,245,Europe/Kyiv,"48.73562,28.08459"
695581,Rodynske,Rodynske,"Khutor Liman,Krasnyy Liman,Liman,Rodins'ke,Rodinskoe,Rodinskoye,Rodyns'ke,Rodynske,Rodyns’ke,Родинское,Родинське",P,PPL,UA,9948,,Europe/Kyiv,"48.35199,37.20602"
695872,Rafalivka,Rafalivka,"Rafalivka,Rafalovka,Рафалівка",P,PPL,UA,3462,,Europe/Kyiv,"51.31143,25.9956"
696760,Pohreby,Pohreby,"Pogrebi,Pogreby,Pohreby,Погреби,Погребы",P,PPL,UA,2087,,Europe/Kyiv,"50.55453,30.64455"
696966,Pidhaytsi,Pidhaytsi,"Pidgajci,Pidhaitsi,Pidhajci,Pidhaïtsi,Podgajcy,Podhajce,Подгайцы,Підгайці",P,PPLA2,UA,2688,359,Europe/Kyiv,"49.2678,25.12766"
697203,Pionerskoye,Pionerskoye,"Dzholman,Pioners'ke,Pionerskoe,Pionerskoye,Джолма́н,Пионерское,Піонерське",P,PPL,UA,5534,317,Europe/Simferopol,"44.88083,34.20194"
697530,Peschanoye,Peschanoye,"Alma-Tamak,Peschanoe,Peschanoye,Pishhane,Алма́-Тама́к,Песчаное,Піщане",P,PPLA3,UA,820,8,Europe/Simferopol,"44.84342,33.60921"
697750,Perechyn,Perechyn,"Perechin,Perecin,Perecseny,Pereczyn,Peretchyn,Perečín,Pérétchyn,Перечин",P,PPLA2,UA,6683,149,Europe/Uzhgorod,"48.73494,22.47718"
698328,Osychky,Osychky,"Osichki,Ossytchky,Осички",P,PPL,UA,2531,95,Europe/Kyiv,"48.13289,30.02816"
699015,Nove Davydkovo,Nove Davydkovo,"Nove Davidkovo,Nove Davydkove,Nove Davydkovo,Novoye Davidkovo,Novoye Davydkovo,Нове Давидково",P,PPL,UA,3853,,Europe/Uzhgorod,"48.44079,22.6229"
699078,Novoukrayinka,Novoukrayinka,"Novo'oukrainka,Novo'oukraïnka,Novoukrainka,Новоукраинка,Новоукраїнка",P,PPLA2,UA,16479,139,Europe/Kyiv,"48.31661,31.52355"
699294,Novosamarka,Novosamarka,"Novosamarka,Новосамарка",P,PPL,UA,1005,218,Europe/Kyiv,"47.50997,29.52684"
699574,Novohryhorivka,Novohryhorivka,"Novogrigorivka,Novogrigorovka,Novohryhorivka,Новогригоровка,Новогригорівка",P,PPL,UA,1039,42,Europe/Kyiv,"47.50394,31.42837"
699657,Novobohdanivka,Novobohdanivka,"Novaya Bogdanovka,Novobogdanivka,Novobogdanovka,Novobohdanivka,Новобогданівка",P,PPL,UA,3506,,Europe/Zaporozhye,"46.64567,35.02493"
699761,Nove-Misto,Nove-Misto,"Nove Misto,Nove-Misto,Нове Місто",P,PPL,UA,3619,,Europe/Kyiv,"48.98113,29.82813"
699956,Nyzhnia Krynka,Nyzhnia Krynka,"Nizhnja Krinka,Nizhnjaja Krynka,Nizhnyaya Krinka,Nizhnyaya Krynka,Nyzhnia Krynka,Nyzhnya Krynka,Нижня Кринка,Нижняя Крынка",P,PPL,UA,14253,,Europe/Kyiv,"48.1135,38.16064"
699963,Nyzhnia Duvanka,Nyzhnia Duvanka,"Nishnjaja Duwanka,Nizhnja Duvanka,Nizhnjaja Duvanka,Nizhnyaya Duvanka,Nyzhnia Duvanka,Nyzhnya Duvanka,Нижня Дуванка,Нижняя Дуванка",P,PPL,UA,2353,,Europe/Zaporozhye,"49.58351,38.16824"
700146,Kryve Ozero Druhe,Kryve Ozero Druhe,"Krive Ozero Druge,Krivoe Ozero Vtoroe,Kryve Ozero Drouhe,Kryvé Ozéro Drouhé,Криве Озеро Друге,Кривое Озеро Второе",P,PPL,UA,2766,86,Europe/Kyiv,"47.93038,30.34883"
701588,Matviivka,Matviivka,"Matrviivka,Matveyevka,Matviivka,Matviyivka,Novo-Popovka,Матвіївка,Матрвіївка",P,PPL,UA,3716,,Europe/Zaporozhye,"47.07392,35.14493"
701619,Massandra,Massandra,"Masandra,Massandra,Масандра,Массандра",P,PPL,UA,7280,140,Europe/Simferopol,"44.50958,34.18817"
701859,Marfovka,Marfovka,"Daut-Ehli,Marfivka,Marfovka,Дау́т-Эли́,Марфовка,Марфівка",P,PPLA3,UA,713,,Europe/Simferopol,"45.19853,36.09144"
703076,Lyman,Lyman,"Liman,Lyman,Zolokari,Золокари,Лиман",P,PPL,UA,1641,13,Europe/Kyiv,"45.67332,29.74444"
703656,Kupiansk,Kupiansk,"Koupiansk,Kupyans'k,Kup'jans'k,Kup'jansk,Kupeansk,Kupiansk,Kupiańsk,Kupjans'k,Kupjansk,Kupjanska,Kupjanskas,Kupyansk,Kup”yans’k,ku pi yang si ke,kwpyansk,Купьянск,Купянск,Купянськ,Купјанск,Куп’янськ,Կուպյանսկ,קופיאנסק,کوپیانسک,კუპიანსკი,庫皮揚斯克",P,PPLA2,UA,32449,,Europe/Kyiv,"49.71003,37.61581"
703903,Kruty,Kruty,"Kruty,Круты",P,PPL,UA,1330,,Europe/Kyiv,"51.05974,32.10634"
704303,Krasnotorka,Krasnotorka,"Krasnogorka,Krasnotorka,Красноторка",P,PPL,UA,3061,,Europe/Kyiv,"48.68542,37.5303"
704343,Krasnopillia,Krasnopillia,"Krasnopilla,Krasnopillia,Krasnopillja,Krasnopillya,Krasnopol'e,Krasnopol'ye,Krasnopole,Krasnopol’ye,Краснополье,Краснопілля",P,PPL,UA,7849,,Europe/Kyiv,"50.77458,35.25965"
704363,Krasnopavlivka,Krasnopavlivka,"Krasnopavlivka,Krasnopavlovka,Краснопавловка,Краснопавлівка",P,PPL,UA,7495,,Europe/Kyiv,"49.13699,36.3201"
704431,Krasna Zor'ka,Krasna Zor'ka,"Karacha-Kangil,Krasna Zor'ka,Krasna Zorka,Krasnaja Zor'ka,Krasnaya Zor'ka,Krasnaya Zor’ka,Qaraca Qangil,Qaraça Qañğıl,Карача́-Канги́л,Красна Зорька,Красная Зорька",P,PPL,UA,2777,139,Europe/Simferopol,"45.13432,34.04015"
704842,Korytne,Korytne,"Koritne,Korytne,Korytno,Korytnoye,Коритне",P,PPL,UA,2396,271,Europe/Kyiv,"48.33463,25.38912"
704914,Koropets,Koropets,"Koropec,Koropec',Koropets,Koropiec,Коропец,Коропець",P,PPL,UA,3206,208,Europe/Kyiv,"48.93245,25.17768"
705198,Kompaniyivka,Kompaniyivka,"Kompaneevka,Kompaniivka,Kompaniïvka,Компанеевка,Компаніївка",P,PPLA2,UA,4429,154,Europe/Kyiv,"48.25022,32.20138"
705730,Kivertsi,Kivertsi,"Kiverci,Kivercy,Kivertse,Kivertsi,Kivertsy,Kiwerce,Киверцы,Ківерці",P,PPL,UA,13917,,Europe/Kyiv,"50.83425,25.45821"
705837,Kyrnasivka,Kyrnasivka,"Kirnasivka,Kirnasovka,Kyrnasiwka,Kyrnassivka,Кирнасовка,Кирнасівка",P,PPL,UA,4997,221,Europe/Kyiv,"48.59183,28.97923"
708585,Holovanivsk,Holovanivsk,"Golovanevsk,Golovanivs'k,Holovanivsk,Holowaniewskie,Hołowaniewskie,Голованевск,Голованівськ",P,PPLA2,UA,5857,166,Europe/Kyiv,"48.3874,30.45947"
710342,Chutove,Chutove,"Chutove,Chutovo,Tchoutove,Tchoutové,Чутове,Чутово",P,PPLA2,UA,6079,104,Europe/Kyiv,"49.71414,35.15747"
710548,Chervonopartyzansk,Chervonopartyzansk,"Chervonopartizans'k,Chervonopartizansk,Chervonopartyzans'k,Chervonopartyzansk,Chervonopartyzans’k,Chervonopartzansk,Krasnopartizansk,Krasnopartizanskiy,Voznesenivka,Voznesenka,Червонопартизанск,Червонопартизанськ",P,PPL,UA,15273,,Europe/Zaporozhye,"48.07613,39.79618"
710554,Chervonohrad,Chervonohrad,"Cervonohrad,Chervonograd,Chervonohrad,Czerwonohrad,Krasnipali,Krisnipolye,Kristinopol',Kristinopol’,Krvstonopol,Krystynopol,Červonohrad,Червоноград",P,PPLA2,UA,83000,,Europe/Kyiv,"50.39105,24.23514"
710556,Pulyny,Pulyny,"Chervonnoarmeysk,Chervonoarmeysk,Chervonoarmiisk,Chervonoarmijs'k,Chervonoarmiys'k,Chervonoarmiys’k,Pulin,Pulini,Pulyny,Пулини,Червоноармійськ",P,PPL,UA,5228,,Europe/Kyiv,"50.46784,28.2713"
710741,Chernivtsi,Chernivtsi,"Chernevcy,Chernivci,Tchernivtsi,Черневцы,Чернівці",P,PPLA2,UA,2672,177,Europe/Kyiv,"48.54104,28.12465"
710760,Cherneche,Cherneche,"Cherneche,Чернече",P,PPL,UA,1002,160,Europe/Kyiv,"48.0654,29.59287"
712869,Bannivka,Bannivka,"Baneasa,Bannivka,Bannovka,Banovki,Banyasa,Băneasa,Баннівка",P,PPL,UA,1211,23,Europe/Kyiv,"45.68862,28.92266"
713176,Zalizne,Zalizne,"Artema,Artemove,Artemovo,Artemovskii Ruo,Artyomovo,Artëmovo,Imeni Artema,Imeni Artëma,Zalizne,khutir Nelipivs'kij,Артемове,Артемово,Залізне,хутір Нелі́півський,Արտյոմովո",P,PPL,UA,5020,,Europe/Kyiv,"48.37083,37.8855"
713676,Oleksandrivka,Oleksandrivka,"Aleksandrovka,Oleksandrivka,Roksandrovka,Александровка,Олександрівка",P,PPL,UA,1336,34,Europe/Kyiv,"46.83786,32.76344"
9983725,Nova Dolyna,Nova Dolyna,"Nova Dolina,Nova Dolyna,Novaya Dolina,Нова Долина",P,PPL,UA,1304,27,Europe/Kyiv,"46.40103,30.58279"
229268,Mbarara,Mbarara,"Barara,MBQ,Mbarara,eumbalala,mbarara,Μπαράρα,Мбарара,مبارارا,მბარარა,음바라라",P,PPLA,UG,97500,,Africa/Kampala,"-0.60467,30.64851"
232371,Kamwenge,Kamwenge,,P,PPLA2,UG,17169,,Africa/Kampala,"0.1866,30.45393"
232397,Kamuli,Kamuli,Kamuli,P,PPLA2,UG,12764,,Africa/Kampala,"0.94722,33.11972"
233275,Iganga,Iganga,"Igang,Iganga,aganga,Иганга,اگانگا",P,PPLA2,UG,45024,,Africa/Kampala,"0.60917,33.46861"
4048388,New Pekin,New Pekin,"New Pekin,Old Pekin,Pekin,Pekin Station",P,PPL,US,1378,217,America/Indiana/Indianapolis,"38.50506,-86.01692"
4051955,Brookside,Brookside,"Bruksajd,brukasa'ida,brwksayd,brwksayd  alabama,bu lu ke sai de,Бруксайд,Бруксајд,بروكسايد,بروکساید، آلاباما,ब्रूकसाइड,布鲁克塞德",P,PPL,US,1329,110,America/Chicago,"33.63788,-86.91666"
4053050,Calera,Calera,"Buxahatchie,Calera,Kalera,Lime Kiln,Lime Plant,Lime Station,ka lai la,kalra,kalyra,kyalera,Калера,كاليرا,کالرا,क्यालेरा,卡莱拉",P,PPL,US,13213,154,America/Chicago,"33.1029,-86.7536"
4056920,Cordova,Cordova,"Cordova,Dent",P,PPL,US,2028,93,America/Chicago,"33.75983,-87.18333"
4060176,Eclectic,Eclectic,,P,PPL,US,1029,176,America/Chicago,"32.63541,-86.03441"
4068226,Horton,Horton,,P,PPL,US,4450,299,America/Chicago,"34.20093,-86.29692"
4068506,Huguley,Huguley,,P,PPL,US,2540,214,America/Chicago,"32.83457,-85.22966"
4068933,Indian Springs Village,Indian Springs Village,,P,PPL,US,2523,155,America/Chicago,"33.35539,-86.75443"
4073383,Livingston,Livingston,"Livingston,Livingstone,li wen si dun,libhingastana,lyfynghstn,lywyngstwn  alabama,Ливингстон,Лівінгстон,ليفينغستن,لیونگسٹن، الاباما,لیوینگستون، آلاباما,لیڤینگستن، ئەلاباما,लिभिंगस्टन,利文斯顿",P,PPLA2,US,3414,47,America/Chicago,"32.5843,-88.18725"
4087313,Russellville,Russellville,"Raselvil,Rassellvill,Ruselvil,la sai er wei er,leoselbil,raselabhila,raslfyl,raslwyl  alabama,Раселвил,Расселлвілл,Ръселвил,راسلفيل,راسلویل، آلاباما,ڕەسلڤیل، ئەلاباما,रसेलभिल,拉塞尔维尔,러셀빌",P,PPLA2,US,9847,232,America/Chicago,"34.50787,-87.72864"
4114272,Helena,Helena,"Helena,Khelena,Khelina,Monticello,Saint Francis,helena,Хелена,Хелина,हेलेना",P,PPLA2,US,5548,60,America/Chicago,"34.52955,-90.59177"
4116315,Jacksonville,Jacksonville,"Dzeksonvil,Dzhehksonvill,Dzheksonvil',Dzheksonvill,Jacksonville,LRF,jaegseunbil,jakswnfyl,jkkswnwyl  arknsas,jksnwyl,jyakasanabhila,Џексонвил,Джексонвилл,Джексонвіль,Джэксонвилл,جاكسونفيل,جکسنویل,جککسونویل، ارکنساس,ज्याकसनभिल,잭슨빌",P,PPL,US,28643,87,America/Chicago,"34.8662,-92.11015"
4122986,Mountain View,Mountain View,"Mauntin Vju,Mauntin-V'ju,Mauntin-Vju,Mountain View,Mountainview,ma'untena bhyu,mantyn wyw,mawntn fyw,Маунтин Вју,Маунтин-Вью,Маунтін-Вю,ماؤنٹین ویو، آرکنساس,مانتین ویو,ماونتن فيو,माउन्टेन भ्यू",P,PPLA2,US,2837,232,America/Chicago,"35.86841,-92.11765"
4126226,Pine Bluff,Pine Bluff,"Mount Maria,PBF,Pajn Blaf,Pine Bluff,bayn blaf,pa'ina blapha,painbeulleopeu,payn blaf  arkanzas,payn blf  arknsas,Пајн Блаф,باين بلاف,پائن بلف، آرکنساس,پاین بلاف، آرکانزاس,पाइन ब्लफ,파인블러프",P,PPLA2,US,44772,67,America/Chicago,"34.22843,-92.0032"
4132625,Stuttgart,Stuttgart,"SGT,Statgart,Stuttgart,Stuttgart (Arkansas  USA),ashtwtgart,shtwtghart,stutagarta,Статгарт,اشتوتگارت,شتوتغارت,स्तुतगार्त",P,PPL,US,9056,64,America/Chicago,"34.50037,-91.55263"
4132772,Sulphur Springs,Sulphur Springs,"Sulphur Springs,White Sulphur Springs",P,PPL,US,1101,89,America/Chicago,"34.18065,-92.12348"
4138011,Chevy Chase,Chevy Chase,"Cheivy Chase,Chevy Chase",P,PPL,US,9545,101,America/New_York,"38.964,-77.06776"
3085622,Sławięcice,Slawiecice,"Ehrenforst,Slawecice,Slawensitz,Slawiecice,Sławięcice,Sławęcice",P,PPLX,PL,2770,,Europe/Warsaw,"50.37207,18.32176"
3085761,Skorogoszcz,Skorogoszcz,"Schurgast,Skorogoszcz,Szurgoszcz",P,PPL,PL,1200,,Europe/Warsaw,"50.75916,17.68198"
3085781,Skoki,Skoki,"Schokken,Skoki,si ke ji,Скоки,Скокі,斯科基",P,PPLA3,PL,3972,,Europe/Warsaw,"52.67222,17.16107"
3085867,Skała,Skala,"Skala,Skała,si ka wa,Скала,斯卡瓦",P,PPLA3,PL,3635,,Europe/Warsaw,"50.23052,19.85363"
3086253,Sarnów,Sarnow,,P,PPL,PL,1791,,Europe/Warsaw,"50.3738,19.15061"
3086379,Sączów,Saczow,,P,PPL,PL,1406,,Europe/Warsaw,"50.4352,19.03038"
3086536,Ryczów,Ryczow,,P,PPL,PL,2605,,Europe/Warsaw,"49.98103,19.55017"
3086861,Rozprza,Rozprza,,P,PPLA3,PL,1646,,Europe/Warsaw,"51.30266,19.6457"
3087097,Rogowo,Rogowo,,P,PPLA3,PL,2127,,Europe/Warsaw,"52.72449,17.65117"
3087576,Racławice,Raclawice,,P,PPL,PL,1540,,Europe/Warsaw,"50.19344,19.67686"
3087708,Pszczółki,Pszczolki,"Hohenstein,Pszczolki,Pszczółki",P,PPL,PL,4053,,Europe/Warsaw,"54.17304,18.69787"
3088290,Porąbka,Porabka,,P,PPLA3,PL,3852,,Europe/Warsaw,"49.81716,19.21835"
3089019,Pilchowice,Pilchowice,"Bilchengrund,Pilchowice,Pilchowitz",P,PPL,PL,2919,,Europe/Warsaw,"50.21668,18.56132"
3089093,Pierściec,Piersciec,"Piersciec,Pierściec",P,PPL,PL,2111,,Europe/Warsaw,"49.83339,18.81409"
3089310,Pcim,Pcim,,P,PPLA3,PL,4900,,Europe/Warsaw,"49.75166,19.97108"
3089375,Paszowice,Paszowice,,P,PPL,PL,1429,,Europe/Warsaw,"51.01078,16.15273"
3089541,Pakosławice,Pakoslawice,,P,PPLA3,PL,500,,Europe/Warsaw,"50.54474,17.36578"
3089882,Osielec,Osielec,,P,PPL,PL,3000,,Europe/Warsaw,"49.68079,19.78243"
3090127,Olszanka,Olszanka,,P,PPLA3,PL,447,,Europe/Warsaw,"50.79514,17.4789"
3090528,Nowy Duninów,Nowy Duninow,"Duninow Nowy,Duninow Nw,Duninów Nowy,Duninów Nw,Novy-Duninuv,Nowy Duninow,Nowy Duninów,Новы-Дунинув",P,PPLA3,PL,873,,Europe/Warsaw,"52.58271,19.47996"
3091095,Nędza,Nedza,"Buchenau,Klein Nensa,Nedza,Nendza,Nensa,Nędza",P,PPLA3,PL,3344,,Europe/Warsaw,"50.16112,18.31103"
3092000,Miedzichowo,Miedzichowo,,P,PPLA3,PL,471,,Europe/Warsaw,"52.37581,15.95876"
3092657,Lutomiersk,Lutomiersk,"Comuna de Lutomiersk,Gmina Ljutomers'k,Gmina Lutomiersk,Ljutomersk,Лютомерск,Ґміна Лютомерськ",P,PPLA3,PL,1500,,Europe/Warsaw,"51.75376,19.21097"
3092806,Lubsza,Lubsza,,P,PPLA3,PL,1375,,Europe/Warsaw,"50.91591,17.52173"
3093458,Libertów,Libertow,,P,PPL,PL,1952,,Europe/Warsaw,"49.97242,19.89461"
3093628,Leńcze,Lencze,"Lencze,Lencze Gorne,Leńcze,Leńcze Górne",P,PPL,PL,1408,,Europe/Warsaw,"49.89895,19.73539"
3093911,Lasek,Lasek,,P,PPL,PL,1086,,Europe/Warsaw,"49.50883,19.98078"
3094802,Kraków,Krakow,"Carcovia,Cracau,Cracaû,Cracovia,Cracovie,Cracow,Cracòvia,Cracóvia,KRK,Kraka,Krakau,Krakiv,Krakko,Krakkó,Krakobia,Krakov,Krakova,Krakovi,Krakovia,Krakovija,Krakovja,Krakovo,Krakow,Krakowo,Krakuw,Kraká,Krakòwò,Krakóvia,Kraków,Krakůw,Krakоv,Krokuva,ke la ke fu,keulakupeu,kraku f,krakupha,krakwf,kurakufu,qrqwb,Κρακοβία,Кракаў,Краков,Краковия,Краків,Կրակով,קראקע,קרקוב,كراكوف,کراکوف,क्राकूफ,กรากุฟ,ကရားကော့မြို့,კრაკოვი,クラクフ,克拉科夫,크라쿠프",P,PPLA,PL,755050,,Europe/Warsaw,"50.06143,19.93658"
3096437,Kawęczyn,Kaweczyn,"Comuna de Kaweczyn,Comuna de Kawęczyn,Gmina Kavenchin,Gmina Kaweczyn,Gmina Kawęczyn,Kavenchin,Кавенчин,Ґміна Кавенчин",P,PPLA3,PL,417,,Europe/Warsaw,"51.90923,18.53102"
3096847,Kamesznica,Kamesznica,,P,PPL,PL,2806,,Europe/Warsaw,"49.56469,19.0212"
3097896,Iłowa,Ilowa,"Halbau,Ilova,Ilowa,Iłowa,Jilwa,Jiłwa,Stadt Halbau,xi wx wa,yi wo wa,Ілова,Илова,อีวอวา,伊沃瓦",P,PPL,PL,3892,,Europe/Warsaw,"51.5006,15.1998"
3098033,Hażlach,Hazlach,"Hazlach,Hażlach",P,PPL,PL,2175,,Europe/Warsaw,"49.80714,18.65178"
3098938,Gołkowice,Golkowice,"Golkowice,Gołkowice",P,PPL,PL,3582,,Europe/Warsaw,"49.91418,18.51419"
3100171,Dopiewo,Dopiewo,,P,PPLA3,PL,2848,,Europe/Warsaw,"52.35726,16.67562"
3100518,Dębowa Łąka,Debowa Laka,,P,PPLA3,PL,750,,Europe/Warsaw,"53.25541,19.09595"
3101117,Czarny Bór,Czarny Bor,"Czarny Bor,Czarny Bór,Schwarzwaldau",P,PPLA3,PL,4769,,Europe/Warsaw,"50.77083,16.1305"
3101367,Cieplice Śląskie Zdrój,Cieplice Slaskie Zdroj,"Bad Warmbrunn,Cieplice Slaskie Zdroj,Cieplice Slaskie-Zdroj,Cieplice Śląskie Zdrój,Cieplice Śląskie-Zdrój,Teplice,Warmbrunn,Теплице",P,PPL,PL,15000,,Europe/Warsaw,"50.86545,15.68367"
3101947,Bytom Odrzański,Bytom Odrzanski,"Beuthen,Beuthen an Oder,Beuthen an der Oder,Bialobrzezie,Białobrzezie,Bitom Odzhanski,Bitom-Odzhans'kij,Bitoma Odzanska,Bitoma Odžaņska,Bytom Odrzanski,Bytom Odrzański,Bytom-Odzhan'skij,ao de he pan bi tuo mu,Битом Оджањски,Битом-Оджанський,Бытом-Оджаньский,奧得河畔比托姆",P,PPLA3,PL,4408,,Europe/Warsaw,"51.73062,15.82362"
3103785,Baruchowo,Baruchowo,,P,PPLA3,PL,434,,Europe/Warsaw,"52.49412,19.26496"
7534583,Koszyce Wielkie,Koszyce Wielkie,,P,PPL,PL,2581,,Europe/Warsaw,"49.98076,20.94552"
7535493,Lubicz Górny,Lubicz Gorny,,P,PPL,PL,3520,,Europe/Warsaw,"53.02686,18.771"
12047614,Strachocin-Wojnów,Strachocin-Wojnow,,P,PPLX,PL,4861,,Europe/Warsaw,"51.10486,17.15073"
12047644,Rejon placu Świętego Macieja,Rejon placu Swietego Macieja,,P,PPLX,PL,44090,,Europe/Warsaw,"51.12056,17.03761"
4562485,Adjuntas,Adjuntas,"Adjuntas,Adjuntas Pueblo",P,PPLA,PR,5080,502,America/Puerto_Rico,"18.16274,-66.72212"
4562635,Arecibo,Arecibo,"ARE,Arecivo,Arezibo,Ariezibo,Arrec2 bo,El Arecibo,La Ribera del A recibo,La Villa del Capitan Correa",P,PPLA,PR,87754,7,America/Puerto_Rico,"18.47245,-66.71573"
4564028,Coto Norte,Coto Norte,,P,PPL,PR,1381,79,America/Puerto_Rico,"18.43078,-66.43989"
4564214,El Negro,El Negro,,P,PPL,PR,1656,41,America/Puerto_Rico,"18.03747,-65.85127"
4564946,Fajardo,Fajardo,"FAJ,Fakhardo,Faxardo,Fayjardo,fa ha duo,phajardo,Фахардо,فاجارڈو، پویرٹو ریکو,ফাজার্ডো,法哈多",P,PPLA,PR,32124,10,America/Puerto_Rico,"18.32579,-65.65238"
4565105,Guayama,Guayama,"City of Witches,Guajama,Gvajama,gua ya ma,guraayama,Гваяма,Гвајама,Гуаяма,گوایاما، پورٹو ریکو,গুৱায়ামা,瓜亞馬",P,PPLA,PR,21575,73,America/Puerto_Rico,"17.98413,-66.11378"
4565973,Las Ollas,Las Ollas,,P,PPL,PR,1949,66,America/Puerto_Rico,"18.03302,-66.42434"
4566178,Maricao,Maricao,"Marikao,ma li kao,marika'o,Марикао,Марікао,ماریکاو، پورٹو ریکو,মারিকাও,馬里考",P,PPLA,PR,1172,432,America/Puerto_Rico,"18.18079,-66.9799"
4567817,Río Grande,Rio Grande,"Rio Grande,Rio-Grande,li ao ge lan de,ri'o grande,Рио Гранде,Ріо-Гранде,ریو گرینڈے، پورٹو ریکو,রিও গ্রান্ডে,里奧格蘭德",P,PPLA,PR,13467,13,America/Puerto_Rico,"18.38023,-65.83127"
4568149,San Lorenzo,San Lorenzo,San Miguel de Hato Grande,P,PPLA,PR,9373,92,America/Puerto_Rico,"18.1894,-65.961"
4568683,Villalba,Villalba,,P,PPLA,PR,4555,151,America/Puerto_Rico,"18.12718,-66.49212"